,Number of movements ;  New Zealand ;  Short-term Residents returning ;,Number of movements ;  New Caledonia ;  Short-term Residents returning ;,Number of movements ;  Papua New Guinea ;  Short-term Residents returning ;,Number of movements ;  Vanuatu ;  Short-term Residents returning ;,Number of movements ;  Fiji ;  Short-term Residents returning ;,Number of movements ;  Samoa ;  Short-term Residents returning ;,Number of movements ;  Other Oceania and Antarctica ;  Short-term Residents returning ;,Number of movements ;  Total Oceania and Antarctica ;  Short-term Residents returning ;,"Number of movements ;  UK, CIs & IOM ;  Short-term Residents returning ;",Number of movements ;  Ireland ;  Short-term Residents returning ;,Number of movements ;  Austria ;  Short-term Residents returning ;,Number of movements ;  France ;  Short-term Residents returning ;,Number of movements ;  Germany ;  Short-term Residents returning ;,Number of movements ;  Netherlands ;  Short-term Residents returning ;,Number of movements ;  Switzerland ;  Short-term Residents returning ;,Number of movements ;  Sweden ;  Short-term Residents returning ;,Number of movements ;  Other North-West Europe ;  Short-term Residents returning ;,Number of movements ;  Total North-West Europe ;  Short-term Residents returning ;,Number of movements ;  Italy ;  Short-term Residents returning ;,Number of movements ;  Portugal ;  Short-term Residents returning ;,Number of movements ;  Spain ;  Short-term Residents returning ;,Number of movements ;  Croatia ;  Short-term Residents returning ;,Number of movements ;  Greece ;  Short-term Residents returning ;,Number of movements ;  Poland ;  Short-term Residents returning ;,Number of movements ;  Russian Federation ;  Short-term Residents returning ;,Number of movements ;  Other Southern and Eastern Europe ;  Short-term Residents returning ;,Number of movements ;  Total Southern and Eastern Europe ;  Short-term Residents returning ;,Number of movements ;  Iran ;  Short-term Residents returning ;,Number of movements ;  Israel ;  Short-term Residents returning ;,Number of movements ;  Lebanon ;  Short-term Residents returning ;,Number of movements ;  Turkiye ;  Short-term Residents returning ;,Number of movements ;  United Arab Emirates ;  Short-term Residents returning ;,Number of movements ;  Other North Africa and the Middle East ;  Short-term Residents returning ;,Number of movements ;  Total North Africa and the Middle East ;  Short-term Residents returning ;,Number of movements ;  Cambodia ;  Short-term Residents returning ;,Number of movements ;  Thailand ;  Short-term Residents returning ;,Number of movements ;  Vietnam ;  Short-term Residents returning ;,Number of movements ;  Indonesia ;  Short-term Residents returning ;,Number of movements ;  Malaysia ;  Short-term Residents returning ;,Number of movements ;  Philippines ;  Short-term Residents returning ;,Number of movements ;  Singapore ;  Short-term Residents returning ;,Number of movements ;  Other South-East Asia ;  Short-term Residents returning ;,Number of movements ;  Total South-East Asia ;  Short-term Residents returning ;,Number of movements ;  China ;  Short-term Residents returning ;,Number of movements ;  Hong Kong ;  Short-term Residents returning ;,Number of movements ;  Taiwan ;  Short-term Residents returning ;,Number of movements ;  Japan ;  Short-term Residents returning ;,"Number of movements ;  Korea, South ;  Short-term Residents returning ;",Number of movements ;  Other North-East Asia ;  Short-term Residents returning ;,Number of movements ;  Total North-East Asia ;  Short-term Residents returning ;,Number of movements ;  Bangladesh ;  Short-term Residents returning ;,Number of movements ;  India ;  Short-term Residents returning ;,Number of movements ;  Nepal ;  Short-term Residents returning ;,Number of movements ;  Pakistan ;  Short-term Residents returning ;,Number of movements ;  Sri Lanka ;  Short-term Residents returning ;,Number of movements ;  Other Southern and Central Asia ;  Short-term Residents returning ;,Number of movements ;  Total Southern and Central Asia ;  Short-term Residents returning ;,Number of movements ;  Canada ;  Short-term Residents returning ;,Number of movements ;  United States of America ;  Short-term Residents returning ;,Number of movements ;  Brazil ;  Short-term Residents returning ;,Number of movements ;  Chile ;  Short-term Residents returning ;,Number of movements ;  Peru ;  Short-term Residents returning ;,Number of movements ;  Mexico ;  Short-term Residents returning ;,Number of movements ;  Other Americas ;  Short-term Residents returning ;,Number of movements ;  Total Americas ;  Short-term Residents returning ;,Number of movements ;  South Africa ;  Short-term Residents returning ;,Number of movements ;  Other Sub-Saharan Africa ;  Short-term Residents returning ;,Number of movements ;  Total Sub-Saharan Africa ;  Short-term Residents returning ;,Number of movements ;  Total (Country of stay/residence) ;  Short-term Residents returning ;
Unit,Number,Number,Number,Number,Number,Number,Number,Number,Number,Number,Number,Number,Number,Number,Number,Number,Number,Number,Number,Number,Number,Number,Number,Number,Number,Number,Number,Number,Number,Number,Number,Number,Number,Number,Number,Number,Number,Number,Number,Number,Number,Number,Number,Number,Number,Number,Number,Number,Number,Number,Number,Number,Number,Number,Number,Number,Number,Number,Number,Number,Number,Number,Number,Number,Number,Number,Number,Number,Number
Series Type,Original,Original,Original,Original,Original,Original,Original,Original,Original,Original,Original,Original,Original,Original,Original,Original,Original,Original,Original,Original,Original,Original,Original,Original,Original,Original,Original,Original,Original,Original,Original,Original,Original,Original,Original,Original,Original,Original,Original,Original,Original,Original,Original,Original,Original,Original,Original,Original,Original,Original,Original,Original,Original,Original,Original,Original,Original,Original,Original,Original,Original,Original,Original,Original,Original,Original,Original,Original,Original
Data Type,FLOW,FLOW,FLOW,FLOW,FLOW,FLOW,FLOW,FLOW,FLOW,FLOW,FLOW,FLOW,FLOW,FLOW,FLOW,FLOW,FLOW,FLOW,FLOW,FLOW,FLOW,FLOW,FLOW,FLOW,FLOW,FLOW,FLOW,FLOW,FLOW,FLOW,FLOW,FLOW,FLOW,FLOW,FLOW,FLOW,FLOW,FLOW,FLOW,FLOW,FLOW,FLOW,FLOW,FLOW,FLOW,FLOW,FLOW,FLOW,FLOW,FLOW,FLOW,FLOW,FLOW,FLOW,FLOW,FLOW,FLOW,FLOW,FLOW,FLOW,FLOW,FLOW,FLOW,FLOW,FLOW,FLOW,FLOW,FLOW,FLOW
Frequency,Month,Month,Month,Month,Month,Month,Month,Month,Month,Month,Month,Month,Month,Month,Month,Month,Month,Month,Month,Month,Month,Month,Month,Month,Month,Month,Month,Month,Month,Month,Month,Month,Month,Month,Month,Month,Month,Month,Month,Month,Month,Month,Month,Month,Month,Month,Month,Month,Month,Month,Month,Month,Month,Month,Month,Month,Month,Month,Month,Month,Month,Month,Month,Month,Month,Month,Month,Month,Month
Collection Month,1,1,1,1,1,1,1,1,1,1,1,1,1,1,1,1,1,1,1,1,1,1,1,1,1,1,1,1,1,1,1,1,1,1,1,1,1,1,1,1,1,1,1,1,1,1,1,1,1,1,1,1,1,1,1,1,1,1,1,1,1,1,1,1,1,1,1,1,1
Series Start,Jul-2007,Jul-2007,Jul-2007,Jul-2007,Jul-2007,Jul-2007,Jul-2007,Jul-2007,Jul-2007,Jul-2007,Jul-2007,Jul-2007,Jul-2007,Jul-2007,Jul-2007,Jul-2007,Jul-2007,Jul-2007,Jul-2007,Jul-2007,Jul-2007,Jul-2007,Jul-2007,Jul-2007,Jul-2007,Jul-2007,Jul-2007,Jul-2007,Jul-2007,Jul-2007,Jul-2007,Jul-2007,Jul-2007,Jul-2007,Jul-2007,Jul-2007,Jul-2007,Jul-2007,Jul-2007,Jul-2007,Jul-2007,Jul-2007,Jul-2007,Jul-2007,Jul-2007,Jul-2007,Jul-2007,Jul-2007,Jul-2007,Jul-2007,Jul-2007,Jul-2007,Jul-2007,Jul-2007,Jul-2007,Jul-2007,Jul-2007,Jul-2007,Jul-2007,Jul-2007,Jul-2007,Jul-2007,Jul-2007,Jul-2007,Jul-2007,Jul-2007,Jul-2007,Jul-2007,Jul-2007
Series End,Jul-2025,Jul-2025,Jul-2025,Jul-2025,Jul-2025,Jul-2025,Jul-2025,Jul-2025,Jul-2025,Jul-2025,Jul-2025,Jul-2025,Jul-2025,Jul-2025,Jul-2025,Jul-2025,Jul-2025,Jul-2025,Jul-2025,Jul-2025,Jul-2025,Jul-2025,Jul-2025,Jul-2025,Jul-2025,Jul-2025,Jul-2025,Jul-2025,Jul-2025,Jul-2025,Jul-2025,Jul-2025,Jul-2025,Jul-2025,Jul-2025,Jul-2025,Jul-2025,Jul-2025,Jul-2025,Jul-2025,Jul-2025,Jul-2025,Jul-2025,Jul-2025,Jul-2025,Jul-2025,Jul-2025,Jul-2025,Jul-2025,Jul-2025,Jul-2025,Jul-2025,Jul-2025,Jul-2025,Jul-2025,Jul-2025,Jul-2025,Jul-2025,Jul-2025,Jul-2025,Jul-2025,Jul-2025,Jul-2025,Jul-2025,Jul-2025,Jul-2025,Jul-2025,Jul-2025,Jul-2025
No. Obs,217,217,217,217,217,217,217,217,217,217,217,217,217,217,217,217,217,217,217,217,217,217,217,217,217,217,217,217,217,217,217,217,217,217,217,217,217,217,217,217,217,217,217,217,217,217,217,217,217,217,217,217,217,217,217,217,217,217,217,217,217,217,217,217,217,217,217,217,217
Series ID,A85377176K,A85377260A,A85377411X,A85377261C,A85377177L,A85377340A,A85377215R,A85377172A,A85377212J,A85377135R,A85377266R,A85377338R,A85377378J,A85377342F,A85377216T,A85377219X,A85377414F,A85377301K,A85377265L,A85377220J,A85377217V,A85377379K,A85377345L,A85377305V,A85377337L,A85377336K,A85377173C,A85377412A,A85377380V,A85377381W,A85377179T,A85377175J,A85377382X,A85377209V,A85377263J,A85377180A,A85377341C,A85377413C,A85377262F,A85377139X,A85377264K,A85377221K,A85377302L,A85377343J,A85377344K,A85377222L,A85377136T,A85377137V,A85377410W,A85377407J,A85377178R,A85377415J,A85377416K,A85377174F,A85377138W,A85377213K,A85377406F,A85377259T,A85377218W,A85377214L,A85377211F,A85377339T,A85377409L,A85377304T,A85377408K,A85377383A,A85377303R,A85377134L,A85377417L
Jul-2007,82590,1790,4590,5500,21680,1650,5670,123470,60130,5870,1610,12260,6360,2760,2300,1230,3410,95930,17030,940,3760,3090,8950,1580,1600,7690,44650,390,1310,960,2950,2690,2770,11070,1410,38200,13180,28920,18380,6680,19720,1820,128300,21130,15390,2830,10760,3760,580,54450,570,6570,90,520,1960,1140,10850,9990,46880,380,500,650,540,1790,60730,5360,4390,9750,539210
Aug-2007,70240,1250,4590,3950,16450,1240,4920,102660,43620,4060,1270,7020,6190,1920,1430,1420,3740,70680,9590,830,1870,3730,9190,1740,1690,12620,41260,290,1060,2200,2820,2270,3410,12050,1160,32730,9960,26130,14120,5470,17700,1920,109190,17590,12860,2060,7100,2070,560,42230,420,5850,110,690,1810,950,9830,9360,37540,600,570,520,470,1200,50260,3740,3580,7320,445460
Sep-2007,70290,1460,4970,4210,19640,1590,5820,107990,51130,4950,1840,8360,7080,2690,1200,1300,3080,81630,16140,1280,2840,3470,9900,1660,1360,10020,46670,340,710,1880,3670,2630,3920,13150,1180,30750,9940,24650,12870,5650,16390,2150,103590,23770,15130,2290,7980,2680,510,52360,230,7210,20,560,1850,1710,11580,10620,41540,670,740,440,620,1270,55900,4410,4080,8490,481360
Oct-2007,80970,1620,5650,4620,24650,1680,5540,124720,61520,4750,1150,23590,8860,1780,2160,1120,2150,107070,25120,690,4060,3130,8500,1490,1780,7240,52010,230,1720,1250,3410,2860,4900,14370,1740,37710,14620,26550,17180,7070,18240,1600,124700,34020,18590,2390,16000,3480,940,75410,270,9380,1070,360,1960,1260,14300,8180,58420,570,870,1100,710,2320,72160,5780,5120,10890,595650
Nov-2007,69860,830,4260,4070,16880,670,5510,102080,31640,2340,640,6900,4480,1580,930,570,1290,50380,8680,180,2160,760,3720,790,790,3940,21010,90,970,1330,1450,2930,6010,12780,1270,32400,11920,22690,15510,6330,18290,1980,110390,21820,16260,2350,11840,3220,450,55940,420,10290,860,790,1390,800,14560,3790,39720,1180,760,580,510,1500,48030,4070,2520,6590,421760
Dec-2007,67000,1390,4750,3990,17130,1340,4650,100250,22770,1410,600,3260,2480,720,1130,340,1310,34020,3420,310,1340,200,940,480,570,1870,9130,470,810,540,600,3530,5050,11000,2090,24480,10480,23770,13220,5620,18400,3260,101320,17260,15550,2720,8990,2300,920,47740,730,12030,630,970,1600,1080,17040,3860,32440,770,900,530,900,1900,41300,3450,3200,6650,368440
Jan-2008,126920,1430,3600,5240,26230,3230,6320,172980,51060,3870,2300,8830,7200,1060,3410,800,2310,80840,10030,590,1960,460,1450,1050,680,4200,20420,420,2770,2950,820,3820,7850,18630,3480,43120,24520,36750,23870,18700,21350,3680,175460,28760,24360,5760,22890,4050,760,86570,1510,25990,630,2750,5780,610,37270,15170,62720,1300,1460,850,1160,5210,87870,10390,5210,15600,695630
Feb-2008,75830,840,3700,2890,14940,840,4450,103500,20070,1040,980,4280,3410,970,1040,740,820,33350,3590,460,1330,200,770,540,520,1910,9310,490,1280,1390,650,4470,5010,13280,2120,29130,16820,23050,15760,9540,15940,2040,114400,19780,16090,4570,16110,2600,570,59730,910,16810,860,1350,2040,690,22670,7420,32880,1330,1430,780,950,2930,47710,5650,3650,9300,413260
Mar-2008,94810,1910,3060,3370,18020,670,5270,127110,19160,1600,720,2660,2970,1080,1080,480,930,30690,3020,0,1220,400,410,540,390,1730,7720,50,590,710,460,4120,4300,10230,1790,32460,14330,25690,15960,7520,20050,2270,120070,22010,20060,4090,12250,2320,1030,61760,970,13350,740,860,1280,920,18110,6140,32930,870,1160,410,920,1790,44210,4320,3200,7510,427420
Apr-2008,78680,1610,5210,3340,17970,1210,5890,113910,25590,2160,580,5040,4640,1480,1480,700,1250,42920,8200,270,1670,250,680,250,220,1680,13230,480,1280,830,1360,3540,3730,11220,2290,36930,15910,28370,14820,9230,18670,2200,128430,30250,18960,3460,15040,2850,1210,71770,600,11130,1520,780,1500,1020,16560,4130,40220,730,1320,860,950,1980,50190,6310,2750,9060,457300
May-2008,57680,1640,5010,3330,17640,1120,5580,92000,32990,2500,780,8700,3680,1380,1210,800,1370,53410,10490,460,2150,310,1920,590,1130,3480,20530,620,1780,660,2390,3930,4490,13860,1280,33710,11670,26570,14710,7540,16630,1690,113790,22870,16120,3170,8440,2980,230,53810,460,8900,630,930,1130,2220,14260,7740,39490,1160,730,640,1220,1840,52820,4570,3280,7850,422330
Jun-2008,53250,710,4440,3540,18700,1250,4710,86610,46880,4460,1310,11200,6300,2150,1510,1210,2290,77330,13850,370,2530,1540,4620,1010,1160,3940,29030,310,1590,770,2870,2730,3670,11930,1220,32740,9220,31740,14900,6730,16690,2250,115490,21540,15860,2670,8000,2690,580,51350,490,5420,420,500,1630,1250,9710,10590,46160,1030,500,950,530,1360,61120,3120,2730,5840,448400
Jul-2008,73170,1800,5850,5510,22500,1530,4720,115080,58560,5570,1940,14480,7700,2380,1680,2740,4120,99180,17130,560,4160,2650,9550,1290,1900,7430,44670,300,1800,1590,2700,2850,4010,13240,1780,39830,15070,40390,19950,6370,19040,2120,144550,20970,16660,3050,10730,3510,990,55920,520,7020,170,430,2100,1430,11680,11820,50110,940,490,860,550,1050,65830,5650,4870,10520,560660
Aug-2008,75070,1750,5460,4700,23080,1490,3980,115520,48020,3960,1130,6930,7430,2020,2130,2060,3560,77240,10050,930,2590,4390,8330,1960,1230,10680,40170,630,700,4170,3510,2550,4090,15660,1000,33780,12410,36750,14800,6720,16520,2090,124070,20140,11530,2080,7640,2130,530,44050,800,6070,180,610,1610,1230,10510,9740,40640,1070,360,610,670,1160,54240,3540,4110,7650,489110
Sep-2008,66790,1190,5100,5120,21510,1380,5010,106110,53530,4910,1460,10720,6470,2170,1960,1170,3570,85960,15750,1370,3450,4010,9680,1350,1040,8910,45560,350,930,3450,2750,2220,3890,13600,750,33810,10360,39760,14360,6560,15850,2380,123850,18720,14260,2100,9580,2440,470,47570,300,7250,130,490,1840,1360,11390,11440,47660,780,280,660,360,2270,63450,5360,4050,9410,506890
Oct-2008,76080,2420,6550,5950,25100,1640,6310,124050,61030,5010,1590,14800,8770,2220,1920,1130,2550,99030,24000,860,5330,2720,9460,1390,1080,7610,52460,270,1940,2660,3420,3070,6770,18120,1700,42080,14870,43030,17130,7180,19230,2170,147390,30420,18410,3220,15820,4140,890,72890,280,10620,760,530,1500,1660,15350,9930,59630,950,1020,1730,830,1640,75730,5670,5490,11160,616190
Nov-2008,72000,1230,4650,4560,18920,1170,5000,107540,31640,2360,500,6340,3830,1620,900,760,780,48720,9870,340,2320,850,3090,640,510,2460,20090,580,1590,1810,1660,3330,6870,15840,1690,30350,10600,27650,13980,6880,17830,1810,110800,21010,20570,2760,12240,2080,1310,59960,420,14080,1840,720,1530,900,19480,3820,39530,1030,1100,1040,590,1810,48920,3780,3120,6900,438240
Dec-2008,67840,1550,5390,4810,17980,1140,3320,102030,26050,1220,570,2950,3080,1110,680,640,1090,37400,4410,210,1210,210,1070,230,460,1740,9540,320,810,1130,920,3870,5720,12770,1680,21110,9360,24880,12940,5660,18040,2650,96320,16680,13980,2840,8570,2010,710,44790,640,10590,1250,1090,1520,830,15920,3940,32330,1260,540,710,390,1810,40990,2800,3360,6160,365920
Jan-2009,132300,1110,4330,7840,21380,2840,7510,177320,46970,5110,1450,9600,6060,1790,3090,770,2580,77420,9370,760,2070,560,1640,1440,500,3810,20150,390,2090,2550,1020,4710,7060,17810,3040,40210,23420,49000,28590,17280,22580,3480,187590,25060,22850,5860,23030,4790,520,82110,2450,26770,1170,2700,6200,720,40000,14220,58920,1700,1290,1550,1340,4820,83830,8700,6300,15000,701240
Feb-2009,78650,1040,4160,4290,10800,1310,4070,104320,18250,1050,730,3640,3140,580,1200,710,1130,30430,3030,180,1160,470,580,700,430,2150,8690,530,870,1690,990,3340,5610,13030,2010,27300,18700,25990,19090,8490,17020,2270,120860,21080,16180,4720,16940,2080,440,61440,1120,14180,610,1340,2380,670,20310,5700,28130,1300,1400,890,360,2290,40070,3970,3460,7430,406570
Mar-2009,93300,1300,4610,4840,14300,1250,4750,124360,18120,1040,410,2880,3050,730,780,530,1280,28810,2330,110,1090,160,370,270,490,1390,6190,250,690,410,380,3650,4550,9930,1300,25590,14020,33150,14660,8910,19030,2080,118750,19200,17130,3830,11570,1990,650,54380,800,13020,810,1090,1510,740,17970,4970,27920,1610,1250,1130,1110,2710,40700,5020,2560,7580,408660
Apr-2009,90910,1580,5360,4460,18370,1350,4450,126470,26450,1960,550,4510,3380,1050,1160,340,780,40170,5680,360,1210,150,750,200,680,1750,10790,850,1560,1570,1390,4210,4210,13800,1390,34110,14800,36250,21960,9780,18380,2930,139610,25270,19960,3380,14030,2700,700,66030,920,10870,1090,1210,2160,1180,17450,4020,41020,1120,710,840,630,3140,51480,5210,3550,8760,474550
May-2009,69850,1470,5730,4970,16890,1750,5010,105680,33810,2300,680,6370,4590,1170,960,800,1990,52660,8550,420,2310,370,1880,380,450,2030,16390,820,2010,2190,1860,3360,4690,14950,1760,27320,11120,37860,14550,8920,16380,2350,120270,20940,14340,2000,8900,2640,710,49550,390,8220,610,1170,1840,1130,13370,7030,46050,790,830,1170,200,2720,58780,5450,2530,7980,439630
Jun-2009,59310,830,4980,4500,17550,1100,4170,92440,42260,2540,950,9000,5620,1710,1620,970,2390,67080,13050,410,2710,900,3630,660,1010,4150,26520,360,1020,3410,2440,2760,4010,14010,1820,25080,9070,45480,14140,7320,18690,1820,123430,16470,13750,2310,8940,3570,680,45720,490,7180,230,670,1510,890,10980,11090,46770,1190,500,850,550,2210,63170,4350,2820,7180,450510
Jul-2009,87410,1810,7480,6390,28830,2060,5950,139930,62430,5010,2140,13960,6590,2690,1930,1650,4230,100630,16530,630,4440,2350,8070,2370,1930,8710,45010,410,1680,4770,3470,3630,4720,18680,1670,34490,14060,54920,24480,8110,20380,2600,160720,21150,15530,2730,11520,2980,690,54600,760,7830,270,420,2430,1970,13670,11320,56480,1140,540,1590,540,2240,73840,5270,4190,9460,616540
Aug-2009,83890,1770,4960,5130,25410,1320,5230,127710,51990,4760,1460,8520,6350,2190,1830,1600,3860,82550,11320,700,2980,3470,9670,2220,1310,11480,43140,670,1200,8400,5370,2600,3450,21690,1440,35480,10700,52570,17610,6780,16820,2120,143530,16310,10710,1920,7720,2460,590,39710,660,7040,310,870,2190,1350,12420,11200,48230,1220,660,1220,150,1690,64370,4820,3750,8570,543690
Sep-2009,80290,1160,5940,6300,27540,1970,5040,128250,56780,4830,1120,9860,6490,2110,1620,1210,2600,86620,14610,760,3540,3110,11110,2120,1030,11810,48090,540,870,4070,3090,2020,3530,14100,1330,32860,11530,50370,16480,7620,17490,2400,140080,20610,14340,2630,11940,2770,390,52680,250,7140,190,450,1580,1270,10880,11020,54830,920,480,850,370,3070,71520,4580,4100,8680,560890
Oct-2009,87100,2300,6220,7080,30880,1370,6080,141020,58700,4020,1560,14720,8850,2210,1730,1320,2640,95760,23420,590,4170,2670,7320,1040,1080,6090,46390,470,1910,3890,4600,4010,6110,20980,1580,41630,15090,65280,23980,9780,22120,3190,182650,30830,18630,3060,16270,4190,750,73730,810,12230,1800,880,2090,1390,19210,8700,74820,1580,1470,1790,700,2840,91890,6560,4030,10590,682230
Nov-2009,80230,1390,5930,5950,22450,1380,5340,122670,28830,2350,400,5280,3720,1040,870,600,1210,44320,7510,760,2850,660,2720,550,640,3170,18870,560,1090,2570,1640,3610,5350,14810,2550,34610,12070,50220,18960,8510,20600,3280,150820,23830,19310,2930,14280,2740,840,63930,560,12310,1420,780,1710,1300,18080,4050,52540,1330,500,600,890,2870,62790,4160,3350,7520,503800
Dec-2009,74260,1110,5560,4460,19690,1210,5410,111700,24800,1670,560,3340,3900,970,1060,540,1480,38320,3090,70,1390,150,910,430,530,1890,8470,350,790,1570,890,3900,6040,13540,2640,28460,10130,45250,14770,7690,17860,2970,129790,18010,16710,3140,12910,2580,600,53960,1550,15130,1480,1810,2230,1150,23350,4090,40560,850,1050,820,580,3210,51170,4070,3790,7860,438160
Jan-2010,150300,2070,5330,6240,31510,3210,8020,206680,50690,5170,1460,9920,7430,1700,3080,770,2640,82870,9280,490,2470,340,1740,1170,880,4520,20890,920,2420,3660,1910,4840,8370,22120,3980,52580,26850,71240,29140,20220,25830,4910,234750,33220,26320,7090,25380,4550,650,97210,2970,33400,1380,3080,9410,1660,51900,13110,67410,1550,1500,1550,1380,4600,91090,11380,5980,17350,824860
Feb-2010,83230,920,4370,3120,13680,1590,3670,110580,17780,950,900,4090,3080,810,1210,690,1360,30870,3350,220,1230,250,680,720,570,2000,9030,630,1250,1860,1400,3490,5770,14400,2060,32090,15200,40740,18690,10920,17880,3100,140690,20150,15680,4300,17620,2630,690,61070,1560,18590,720,2340,2950,770,26940,6600,38600,2350,1360,810,870,2860,53460,4930,3870,8790,455820
Mar-2010,101150,960,5180,3840,20800,1070,5020,138020,17380,1280,590,2240,3060,1070,1400,670,1160,28860,2730,240,1510,100,530,270,400,1400,7180,180,870,820,510,3660,5310,11350,1900,34820,18200,47790,19640,7670,20240,3100,153360,22500,18610,3390,14740,2570,650,62460,1090,13650,750,1260,1770,980,19490,6640,39870,1740,1380,750,710,2840,53920,5630,2520,8150,482780
Apr-2010,98130,1370,6450,3810,24180,1090,4570,139600,25550,2230,710,6160,4090,870,1180,540,1220,42550,7240,110,2000,100,1450,430,340,1520,13190,390,1980,1390,2150,4110,4730,14750,2050,41320,17250,54850,23130,11820,22100,2650,175180,29460,21640,4740,19290,3780,470,79380,870,13050,1950,980,2290,1530,20660,5220,51960,1600,690,1110,1420,3060,65070,8050,3260,11310,561680
May-2010,68900,1080,5500,4020,22760,1230,4750,108250,31250,2840,770,9040,4570,1760,1110,560,1840,53750,10220,490,2500,510,2350,490,920,2050,19540,540,1250,1340,2510,2630,4380,12660,1610,30300,12850,53270,18230,9410,18970,2680,147310,25540,15220,3090,10350,3200,470,57870,550,9680,950,890,2000,1610,15670,8150,55020,1020,530,1170,1000,2410,69310,5540,3080,8620,492970
Jun-2010,57850,1110,5390,4030,24810,1350,3390,97930,47550,3710,890,11900,6750,2020,1620,880,2310,77640,15030,630,5150,870,3900,980,670,4740,31960,370,1310,2510,3190,1860,3710,12960,1200,27050,10530,60610,16010,9530,19410,2570,146910,25020,13950,2690,10200,3810,590,56270,270,8270,450,660,2150,1380,13190,10840,54480,760,510,820,860,2380,70640,7070,2890,9960,517450
Jul-2010,94670,1550,7600,6470,34520,2120,6370,153310,71440,5350,1510,18780,10520,3350,2940,2470,4300,120660,21240,780,5680,3610,12280,1820,1600,8720,55730,990,1980,4060,3500,2520,4170,17220,2540,41040,15640,77320,24120,9070,24450,3680,197860,28050,15520,3740,14170,3900,540,65920,720,9510,290,320,4250,1980,17070,13060,69490,1020,790,1190,900,1870,88320,10880,3930,14810,730910
Aug-2010,86350,1210,6380,5060,29090,1610,5440,135140,50290,4140,1300,9020,7370,2540,2200,2170,4650,83680,11850,1450,2750,4550,10280,2600,1860,12220,47560,470,1040,7040,4640,1830,4230,19250,1900,35490,11540,68770,18920,7570,18970,2820,165970,21240,11560,2300,7940,2510,940,46490,510,6990,290,470,2680,1410,12350,10750,56040,770,770,850,650,1970,71810,4440,4540,8980,591220
Sep-2010,76440,1190,6600,5760,29780,1640,6230,127630,60390,4780,1390,12240,7880,3170,1740,1520,3580,96690,17130,1060,4850,3980,12550,2800,1680,11310,55380,410,1240,4020,3430,2070,4060,15240,1680,33310,11810,64170,18940,8290,19910,2770,160890,30380,15300,2770,13810,3680,610,66550,390,9770,220,480,1920,1510,14300,13640,63670,910,970,830,610,2040,82670,6460,4030,10490,629830
Oct-2010,86870,1820,7330,7240,33510,1900,7530,146200,63970,5380,940,17790,10510,2850,1870,630,2400,106340,27070,1120,6380,2190,8950,1760,1300,8740,57510,820,2000,3350,4770,2820,7080,20830,2730,47360,17370,80540,26220,9870,23070,3040,210190,44570,18890,3940,17600,4570,580,90150,600,12310,1740,720,2690,1800,19870,9480,82750,1150,1200,1380,1140,3520,100620,8260,6130,14390,766100
Nov-2010,77680,820,6550,4930,26660,960,4830,122440,28380,2340,840,5670,4220,1790,1240,500,1580,46570,7620,730,2140,640,2450,380,390,3140,17500,620,1560,2200,2370,2630,6850,16230,3190,34440,12410,62280,18900,9490,21940,2890,165530,29020,21940,3290,12090,3540,540,70410,1010,13170,2230,910,1750,970,20030,3870,58450,1000,1270,1170,840,2570,69160,5140,4140,9280,537150
Dec-2010,77050,1370,7280,4370,22660,1370,4780,118870,23450,1590,370,3980,2830,1150,1060,530,1290,36240,3620,230,1920,310,1130,210,450,1390,9250,510,1120,1450,950,3220,5700,12940,2890,28670,13130,52280,14950,7610,17960,2940,140430,19360,16850,3030,11480,3020,680,54410,930,17550,1610,1460,2320,520,24390,5680,47000,620,1060,1130,950,2910,59350,4800,3780,8580,464470
Jan-2011,155000,1500,6060,6820,32360,3770,7760,213270,46280,5550,2660,11070,8610,2430,3950,1370,2890,84810,10660,550,2380,480,1110,1340,770,4860,22160,1280,2420,3280,1510,4210,8790,21490,5140,56850,31890,86290,29010,23400,29350,5230,267160,33080,26940,7290,30970,6760,350,105390,2610,38830,1430,2850,10890,1200,57820,16440,84730,1970,1240,1670,1660,5910,113610,14550,9150,23700,909410
Feb-2011,89060,1020,5280,2850,16320,990,3960,119490,17840,1010,980,4370,4100,1090,1700,860,1460,33400,3100,290,1230,50,580,330,370,2110,8070,570,1230,2360,980,3470,6090,14690,2310,38330,20500,49330,22990,12390,21650,2870,170370,24970,15340,5010,19690,2770,210,67990,1520,19090,770,2080,3610,700,27770,7710,47850,1190,1450,1050,1030,2810,63100,6700,5330,12030,516920
Mar-2011,96050,1000,5720,2850,21670,1330,5240,133860,19110,1110,730,3030,3350,990,1220,510,1400,31450,2860,330,1030,190,610,330,300,1130,6780,530,600,510,1010,2750,2860,8250,2540,37160,18670,58380,19280,11030,23030,2810,172900,26430,19810,2760,13400,2690,440,65530,1040,17570,620,1940,2930,1400,25500,6590,47830,1750,1230,710,1130,2750,61990,4900,3250,8140,514420
Apr-2011,95890,1710,6960,5340,25860,1790,5110,142660,26650,2240,900,6600,4620,1250,980,440,1420,45100,7910,100,1260,300,1150,550,650,1580,13500,560,1260,1080,1730,3250,4640,12530,2460,51570,20150,65310,22920,12160,27640,2630,204840,36260,21930,3510,4490,3320,640,70160,890,11990,1340,1520,3480,1480,20710,5560,63010,810,740,790,640,3260,74820,6340,4540,10870,595190
May-2011,73700,1500,6270,3880,25880,1640,5840,118700,40330,2730,1010,11220,7160,2100,1210,710,1930,68420,14210,480,3090,910,3510,840,790,3590,27410,850,2040,1990,3250,2480,4390,14990,2030,45050,15730,69100,20580,13660,22420,2370,190930,34460,17700,3170,5580,4810,620,66340,780,11860,1070,1440,2680,1600,19430,8810,72600,1920,690,1140,1210,2370,88740,6360,4320,10690,605640
Jun-2011,51330,1360,6580,4320,26990,1180,4610,96370,48240,3330,1230,12080,8630,2210,1740,880,3200,81540,17490,510,4020,1100,5910,1000,860,4540,35430,630,1560,2460,3920,2300,2820,13710,1900,37380,11100,73300,16020,10060,20530,2150,172420,26810,13830,3230,7010,3150,650,54690,560,7810,780,1020,2230,1740,14140,11860,70470,970,680,870,670,1780,87290,3920,3700,7620,563200
Jul-2011,87720,2360,7080,6970,35610,2180,6540,148460,81220,6860,1630,23910,9720,3080,3070,2030,5290,136810,26470,1130,6600,3250,13230,2220,2820,9600,65320,610,2550,4210,5210,3810,3460,19850,3510,55450,20390,94600,26250,10780,29450,3520,243950,27430,15770,3250,7550,3840,860,58700,800,9460,430,780,3810,1540,16820,13840,82210,1480,470,1010,850,2710,102570,6330,7050,13380,805860
Aug-2011,85550,850,6220,4890,31030,1350,6570,136460,53410,4720,730,10200,9040,2270,1210,1910,2970,86460,15030,1460,7930,4280,11080,2540,1980,13770,58060,580,1050,4410,4020,1550,2900,14510,2110,48590,13950,78680,19980,9330,20060,1800,194500,20460,12240,2380,5130,2560,810,43590,830,8810,590,650,3310,1570,15760,10120,62390,980,510,1430,630,2490,78540,4480,4520,9010,636890
Sep-2011,85990,1720,7410,5590,33680,1980,6230,142590,62470,5190,990,14100,9660,2350,2490,1510,3440,102180,20780,2040,6050,4680,13110,2480,1300,12400,62850,450,1370,3300,4310,2290,2410,14130,1820,43410,13870,77290,18670,9420,24240,3020,191740,30680,15330,2180,7740,3870,810,60600,660,10050,590,640,3680,1760,17370,12130,76700,890,480,750,830,2150,93920,4850,5810,10660,696050
Oct-2011,100760,1550,7210,6510,33620,1570,7540,158760,66530,4730,1200,20150,8990,3420,1800,900,3010,110720,30880,1060,7540,2340,9870,1290,1240,8550,62780,930,2410,4080,6600,2590,4250,20860,3260,58490,21590,98650,23320,11830,24770,3800,245720,41750,23220,4400,12380,5480,740,87970,710,15200,1770,730,3580,2230,24210,10110,94180,1200,1400,1170,1270,2840,112170,6450,6020,12470,835650
Nov-2011,85130,1010,6400,4550,29270,1140,5670,133160,29490,1880,810,5670,5020,1710,1240,760,1430,48010,6770,300,2470,300,2100,310,420,3860,16530,900,1240,3300,2720,3550,6090,17800,2980,41130,15150,71550,17560,11460,22860,3510,186190,32480,21360,3170,10030,3430,540,71010,1350,18730,1860,1280,2510,1390,27120,4130,63850,1230,1000,1370,1320,2120,75020,4920,4550,9480,584320
Dec-2011,82120,1120,7070,3960,24840,1560,5460,126130,24910,1020,600,3520,3700,840,1000,790,1410,37800,3750,310,1480,260,1010,460,660,1530,9460,530,850,2250,1380,3370,3850,12230,3500,33340,13330,63200,16670,8700,19530,3020,161290,21350,16760,2950,10590,3560,870,56090,1150,19730,1710,1360,3060,1140,28150,5210,49710,910,930,1190,820,2880,61660,5280,4300,9580,502380
Jan-2012,162100,1590,6320,7070,33620,2580,8260,221530,50220,5350,3710,12700,7770,1660,3220,1570,3790,90010,10490,540,3360,650,1420,1430,850,4870,23600,1390,3130,4350,1340,4370,5370,19950,5730,62960,33910,95140,31420,23230,27810,5860,286060,37270,26770,6630,24010,6050,840,101570,2870,40780,2010,2750,11950,1610,61980,16700,95540,2490,1380,1500,1910,6110,125630,11640,9810,21450,951790
Feb-2012,90690,720,5920,2500,16070,1550,5000,122440,19580,1640,1300,4660,3920,1350,1540,530,1280,35800,3020,120,1390,80,790,790,260,2450,8910,830,890,2190,1100,2710,5130,12870,3210,45790,27300,58170,21840,15280,22700,3380,197660,31930,20930,6570,16280,3210,550,79470,1870,25380,930,2160,4740,840,35920,9000,52810,1850,1550,640,960,4810,71620,6700,5880,12580,577270
Mar-2012,95970,870,7880,3610,25600,1070,4830,139840,18170,1250,1040,2940,4080,1230,1830,530,1830,32910,2590,110,1460,110,510,340,470,1890,7490,480,730,560,870,2890,3690,9220,2570,45740,18600,67080,19300,11890,23560,2850,191590,27470,22180,3280,10330,2920,1110,67300,1490,18780,1160,1940,2610,1760,27740,6200,52670,1590,1450,1010,960,4070,67960,5370,3670,9040,553070
Apr-2012,99140,1420,7710,5980,21520,1630,5700,143090,32850,3410,790,7860,6070,1290,1250,680,2130,56340,8740,410,2690,450,1300,330,770,2610,17310,880,1610,1420,2730,3630,3410,13680,3860,59890,20650,73210,24600,14850,26280,2820,226150,41460,23580,4740,15650,4900,550,90890,1040,18590,1680,1470,4490,2080,29360,4920,70810,1250,1700,1030,770,4030,84510,7790,5290,13080,674400
May-2012,65930,1060,6870,4460,25100,1290,5060,109780,38010,2940,360,10820,6290,2630,1380,890,2420,65730,11460,330,4080,800,2600,450,1130,2160,23020,770,1640,1760,3020,3040,3630,13860,2260,48850,13050,66850,17870,14160,19880,2660,185580,28810,15490,2990,9550,3300,810,60970,780,12550,1420,1060,3350,1790,20970,8050,69440,1100,1320,1670,1160,2820,85570,6090,4070,10160,575630
Jun-2012,61970,1360,6470,4840,28160,1820,4140,108760,55950,4220,1100,13780,7600,2660,2040,1070,3680,92080,19730,980,4830,1330,4190,880,1670,4970,38580,590,1650,2440,3390,3140,3550,14750,1970,45140,10620,78010,18120,11630,23230,2270,190980,28090,15080,3450,10830,4270,610,62320,480,10470,410,700,2730,1240,16030,12040,72450,880,880,1130,1120,1760,90260,4530,3990,8520,622270
Jul-2012,94290,2020,7340,8400,35850,2600,7640,158140,72640,7330,1860,23330,10510,3320,2320,2890,6090,130290,27560,910,8920,4570,11500,2770,2370,11210,69810,1050,2210,5190,6570,3290,4020,22320,3710,69700,19840,93340,27770,12820,30140,3070,260390,28210,18930,3660,13660,4600,1130,70180,960,13010,580,730,5400,2610,23300,14070,82820,1380,860,1770,950,2770,104620,7180,7130,14310,853350
Aug-2012,88900,1330,7110,5890,30030,1900,5460,140610,49190,4740,1180,10710,8460,2380,2340,2070,5310,86390,14650,920,5350,5220,10730,2130,2190,15720,56900,670,1250,4700,3600,1640,2990,14840,2460,47150,13960,75500,18190,11070,20580,2540,191450,21250,11860,2040,6330,2830,1300,45600,700,9270,490,640,4200,2060,17350,11630,66050,1330,370,1120,1160,2620,84280,4180,6280,10460,647880
Sep-2012,81250,1570,7370,7570,32800,1880,5970,138410,55170,5950,1830,16340,9810,2540,2230,1300,3320,98490,23570,1400,6770,4260,11950,1790,1720,13430,64900,720,900,3560,4810,2230,3520,15730,2180,47290,12870,80270,20280,10600,27650,2910,204050,30420,18350,2580,8960,4870,1210,66390,1030,11040,960,1190,3730,1860,19810,12800,80820,1460,420,1250,700,2630,100070,5630,6630,12260,720110
Oct-2012,95140,1900,8400,7230,35040,1960,6680,156360,67520,6620,1670,20350,12110,2410,2670,890,2940,117170,30960,1140,6780,2750,8620,1290,1530,9530,62600,1290,1970,3690,6750,3370,5400,22470,3440,65830,19750,93400,26350,12090,28360,4030,253260,44440,21820,3690,18660,5630,700,94950,760,14830,2910,1020,3850,3100,26470,10680,109660,990,1570,1270,1060,3010,128240,8740,7500,16240,877760
Nov-2012,86330,1310,8350,4440,27570,1520,5660,135180,33050,2490,540,6360,5430,1300,760,410,1930,52280,9090,260,2500,530,2150,610,790,2380,18300,690,1680,3220,2870,4640,5660,18770,3180,49490,14780,74520,16960,11160,23930,4140,198170,31570,19600,3070,11000,4240,630,70110,1850,18290,2200,2310,2710,1790,29150,4280,66530,1070,1330,1300,1290,2930,78740,5330,4400,9730,610430
Dec-2012,84920,960,7650,5290,22230,1640,6020,128720,26960,1860,630,4900,3870,1260,670,710,1260,42110,3900,220,1950,210,1080,290,560,1810,10020,520,1200,1830,1350,3450,4230,12590,4870,38150,14500,59660,17640,10600,21250,4390,171070,22720,18620,3420,11460,3510,1260,60990,1570,23740,2590,2160,3850,1460,35370,4750,59150,840,1050,1190,1130,3150,71260,5290,4590,9880,542010
Jan-2013,156110,2060,6900,7020,31100,2720,9200,215110,58180,6840,3240,15340,9240,2180,3380,1480,3340,103210,11650,690,2920,660,960,1290,980,4850,24010,1320,2590,3530,1640,5510,7880,22480,6560,70940,31570,90160,32900,28790,29590,6290,296790,36920,24930,7120,33190,6670,740,109580,3050,45890,1820,3200,13720,1910,69580,18260,103100,2580,2140,1280,2190,5570,135120,12970,10570,23540,999420
Feb-2013,87460,520,6070,2780,14420,1670,4180,117100,17760,1310,1030,3930,3350,850,1170,780,1810,31990,3870,320,1240,250,760,540,350,2580,9910,740,930,1700,990,4270,7130,15770,3880,42120,22370,56860,22000,16190,20940,3870,188230,25010,16560,4320,21510,4640,710,72750,2350,26920,1580,3120,4400,1060,39420,8830,53980,1350,960,1240,1050,3480,70900,6120,6590,12710,558780
Mar-2013,104590,850,8580,3670,19790,1030,6240,144750,19050,1910,850,3930,3170,650,1760,730,1800,33830,3120,290,1420,220,390,400,490,1790,8140,660,590,540,1000,4730,3700,11220,3030,47890,20830,64020,18900,13500,28050,4040,200270,31040,22530,4010,13750,3370,910,75600,1300,20030,1570,1260,3350,1120,28630,6780,57790,1690,1760,990,1120,3550,73680,5730,3840,9570,585700
Apr-2013,109740,1110,7500,5560,29060,1980,6230,161180,28880,3010,930,8810,6140,1620,930,660,1700,52690,8000,480,3000,460,1080,280,760,2400,16450,1170,1900,1140,1620,4450,3970,14250,3730,59750,21830,72740,25030,15400,32150,3420,234040,44370,22620,4910,23460,4380,570,100300,810,18990,2700,1870,4500,1520,30380,5350,74860,1360,1330,1200,1360,2800,88270,8110,3660,11770,709330
May-2013,74890,900,7910,4300,28980,1930,5500,124420,41930,3250,780,10800,6290,2160,1220,720,2310,69460,12820,560,3990,810,2580,550,860,3870,26030,1040,880,1970,3400,2950,4150,14390,3330,47070,14470,72820,19160,16540,23930,3570,200890,33010,15710,2470,13520,3560,730,69000,750,14730,1400,1230,3380,1710,23200,7340,83900,1170,780,1410,970,2730,98300,6570,5020,11590,637280
Jun-2013,62720,1280,7150,4780,30670,1320,5550,113470,56150,4170,1460,15730,8210,2590,2270,1100,3860,95540,19950,860,6220,1680,5910,1450,1980,5610,43660,730,1400,1560,3890,3230,3840,14650,2910,42780,12020,80950,18980,11900,26860,2830,199240,31310,14450,3110,11640,4940,480,65930,690,12330,610,940,3030,1800,19400,10520,82360,1120,720,1230,1170,1690,98810,4200,4250,8450,659140
Jul-2013,102490,1940,8880,7930,33570,3070,6910,164790,81820,7160,1870,27710,12040,3490,2910,2880,6110,146000,30950,1330,8280,4050,13430,3000,2870,12070,75980,770,2730,2830,7190,3490,3070,20080,4240,66760,21680,98320,27130,13480,33340,3320,268290,31170,16560,3100,14760,4550,910,71050,710,13510,1050,800,4770,2010,22850,13940,95890,1710,950,1730,2640,2810,119670,6870,6680,13550,902240
Aug-2013,91590,960,8130,5920,31840,1700,6140,146280,64050,7000,1060,11810,9720,2360,1550,2250,6390,106180,19530,1250,5870,6460,12440,2650,2700,13510,64400,580,1540,3110,3850,2750,2890,14730,2760,49770,15400,79570,18920,11710,24120,3010,205250,22050,12260,2860,8500,3260,710,49640,970,10530,410,910,4610,2040,19480,13000,78930,2150,580,1420,1170,2420,99680,4500,5930,10430,716060
Sep-2013,85660,1340,8590,6820,32960,2210,6940,144530,65380,6690,820,17170,11510,2110,2290,1110,3050,110130,25840,1800,7850,4570,12590,1890,2290,13890,70720,950,1070,3650,7070,3720,2710,19170,3250,46680,15050,86790,19900,10710,32040,2470,216880,32720,16780,3110,9920,4690,860,68080,820,13580,830,1020,3650,1890,21800,13640,92700,1040,1180,970,700,2180,112420,6180,5770,11950,775680
Oct-2013,96120,1630,8330,7970,34470,2590,7660,158780,72180,7180,1610,22140,11640,2590,1960,1200,3310,123800,32350,1410,8990,3460,10540,1320,1910,10150,70120,1270,2900,3600,6810,6040,4900,25520,3300,66830,22470,102050,26480,14060,34270,3480,272930,46360,23720,4690,19470,6780,730,101740,1070,17480,2600,1270,5800,2600,30840,10180,112900,1650,1670,2190,1200,3260,133060,9730,7170,16900,933680
Nov-2013,92650,770,11010,5120,28390,1370,6610,145930,29800,2100,510,6020,5540,2100,1000,830,1790,49680,9030,630,3250,940,2610,750,790,4660,22660,930,1430,2440,3020,4660,3630,16100,4350,49280,14530,80220,20420,13030,30080,3650,215550,33000,20770,3500,13350,3600,560,74770,1600,22230,3170,1620,3300,1870,33790,4460,73210,1380,1110,1860,1800,2390,86210,5770,4810,10590,655290
Dec-2013,97500,980,7660,4320,24420,1590,6380,142840,27970,1780,470,4620,3540,850,1130,610,1540,42510,4350,260,2180,250,1490,460,670,2130,11800,540,1400,880,1140,4480,3420,11850,5280,36740,15480,66240,21190,11090,25070,4500,185610,23040,17700,3410,12580,3810,740,61270,920,23420,3550,1770,4250,1500,35420,4420,62390,1540,1150,1010,830,3180,74510,5200,5990,11190,577000
Jan-2014,162840,1440,6690,8040,32530,2930,9140,223610,63050,9320,3470,16250,10120,2820,3980,1540,3980,114520,12240,620,3350,550,1580,1110,980,5770,26210,2470,3530,3280,2200,6910,7610,26010,6960,72720,38740,106900,37460,30610,41150,6820,341350,37820,27380,8620,40600,7190,450,122070,2460,51640,2120,3810,15860,1740,77630,18880,108550,2540,1860,1710,2190,6440,142160,13890,10540,24430,1098010
Feb-2014,99140,420,7260,2510,16250,1660,4860,132100,19510,1440,1610,3930,5100,990,1420,450,1670,36130,3560,270,1410,310,620,270,1070,2400,9920,1140,820,1550,1600,4610,5020,14740,4980,40500,23750,62800,29220,16270,25960,4120,207620,33460,16980,5460,25200,3540,370,85010,2550,31490,1970,3050,6100,920,46080,8300,52150,880,1120,930,960,3450,67800,7190,6180,13370,612770
Mar-2014,108220,1040,6430,4740,24090,1330,6960,152810,18700,1900,750,3890,3180,1210,1100,550,1670,32950,3620,180,1390,0,690,280,650,1490,8300,740,960,1130,1130,4940,3180,12090,4120,42620,20830,75980,25690,15580,30660,3620,219110,30130,18630,3790,19510,3220,1080,76360,1400,25410,1730,2170,4340,1330,36370,7530,56240,1020,1390,1390,1090,4550,73190,7070,4180,11240,622410
Apr-2014,108970,1090,9130,5340,25580,1580,7390,159070,30570,3560,690,9200,3930,1170,1410,810,1830,53170,8770,610,2980,560,1300,740,390,2750,18100,1880,1540,740,2760,4260,4040,15230,4350,60800,24670,84990,31820,15870,36130,3150,261780,41600,29230,5180,27290,5980,670,109950,1320,19510,2610,1900,5410,1990,32730,5970,74710,1200,1160,1530,1130,2650,88350,8270,5000,13270,751650
May-2014,72520,960,7450,4080,28680,2160,5860,121710,39280,4820,840,10650,7520,2760,1150,490,3080,70590,13640,900,5270,960,3080,960,1060,3350,29230,1290,2710,1360,3360,4160,4110,16990,3260,43990,17570,80200,20640,17300,28350,2260,213550,36650,16360,3830,15240,5660,850,78600,1070,16840,1820,1540,3030,1790,26090,7510,85080,1370,1020,1590,1760,2270,100600,6950,4900,11850,669200
Jun-2014,67850,1080,6930,4270,30240,1340,6310,118020,52000,5020,1420,15160,7520,2960,2190,1430,3940,91640,19870,870,7060,1680,4890,770,2000,4690,41830,1150,1280,2380,4770,3480,3090,16140,2880,39050,13000,91420,20520,13420,26440,2680,209410,30310,14590,3890,13000,5300,520,67610,710,12710,1090,1270,3930,1610,21330,12190,77480,3410,960,1060,1070,1940,98120,4310,4350,8660,672750
Jul-2014,102700,2260,10800,7120,33430,2860,7380,166540,85370,7650,2090,27240,12840,3550,3250,3210,7240,152420,31440,1300,10280,5050,16490,2410,2700,11460,81140,940,2440,3110,5570,2630,2630,17320,5160,57080,24870,106810,27770,12370,35390,3240,272670,28690,17160,4370,19010,5590,1440,76260,730,13160,850,620,5670,1940,22970,15670,94470,9210,760,1300,1730,2760,125910,7150,8230,15380,930600
Aug-2014,95840,1080,8420,5470,32320,2320,6120,151570,66910,8050,1140,16040,12320,3610,1720,2470,5170,117440,18250,1350,6730,7370,19060,3140,2380,16390,74660,850,840,3750,3930,1980,3370,14730,3940,45750,16350,97590,20370,11490,26890,1850,224220,23490,12420,2660,8010,3640,810,51030,1310,11230,610,1150,5110,2500,21900,13730,76530,2450,770,1580,1270,2310,98650,4380,6480,10870,765060
Sep-2014,84700,1880,8660,5650,32260,2290,7450,142890,68570,7160,1490,19380,12100,3240,2350,1300,4300,119890,28200,2340,8260,4680,16220,2290,2190,12340,76520,1170,490,3600,6390,3280,4020,18950,3640,41490,14190,107470,20180,11470,33340,2920,234690,31240,16730,2640,15270,4050,600,70550,490,13370,1120,1330,3910,2280,22510,14570,87420,1610,900,1990,960,2220,109670,7070,5730,12800,808460
Oct-2014,94100,2280,8010,6850,33280,2740,8170,155430,66410,6340,1510,22880,12360,2720,1800,1070,3420,118500,31770,1890,10750,3390,10170,1750,1640,7830,69200,1550,2340,5420,8890,4650,7930,30780,5900,54250,20370,113090,25980,14400,31890,3490,269360,45570,19290,4340,27100,6800,560,103660,1590,19810,4350,2260,4230,2450,34700,10850,114990,1580,1360,2480,1500,3050,135800,8600,8710,17310,934740
Nov-2014,99640,1570,8240,4320,27040,1570,6940,149320,27840,3670,600,6680,5850,1900,1380,780,1560,50250,9310,850,3260,750,3490,540,480,3780,22450,760,1170,2620,3610,4480,4210,16850,3650,47720,15500,87150,18060,14520,30540,4280,221420,34800,19590,3620,15440,4510,600,78560,1500,24110,3350,2030,4160,1760,36900,4560,82400,1610,1500,1970,2820,2650,97510,6240,5000,11230,684510
Dec-2014,95560,1420,8280,4790,23720,1640,7020,142440,25720,2430,940,4450,4140,1070,1490,810,1560,42600,3910,260,2100,250,390,300,390,1850,9460,490,1380,1130,1160,4510,3880,12550,5790,34230,13920,74380,18330,14300,29170,4590,194720,26160,15490,3910,15720,4500,680,66460,1230,21530,3080,1580,4170,1140,32730,5940,64330,1010,1100,1500,1290,3350,78510,4740,4740,9480,588940
Jan-2015,173030,1920,6820,6810,34360,3560,10690,237200,64770,11300,3560,14950,10990,3070,3380,1850,4400,118280,12730,870,3680,720,1880,1250,1040,4730,26900,2400,3300,2910,1810,7120,7080,24620,6990,63820,36260,116930,34120,34930,41250,6850,341160,43810,24400,8090,47660,9630,380,133970,4350,59570,2710,5300,15410,1710,89060,22970,115490,3390,1710,1920,2890,6440,154810,14960,9280,24250,1150240
Feb-2015,102230,470,8200,2550,15440,1530,6070,136480,19440,1470,1470,4340,4730,1170,1050,740,1820,36240,4090,280,1630,120,750,340,510,1920,9620,840,960,1450,1320,3780,7760,16110,4150,38000,16880,64130,19990,18990,25260,4410,191810,23710,14050,4270,32010,4070,730,78850,2250,33330,2020,3470,5540,1750,48360,9050,60400,1500,1750,1050,1530,3490,78770,5070,5990,11060,607290
Mar-2015,114920,1020,8410,2200,22330,1740,5860,156490,19120,1840,630,3410,4900,1060,1470,630,1790,34840,3010,140,1640,270,450,270,540,1210,7530,720,1130,1080,710,4290,3810,11740,4450,43590,24220,83870,20800,15660,28330,3060,223970,34690,19030,5500,22380,3870,1150,86620,1260,26310,2140,1980,3090,1510,36290,7020,62760,1570,2100,1150,1370,3420,79380,5780,3600,9390,646250
Apr-2015,110560,2350,10420,1990,29590,2130,6640,163680,33040,3940,820,8300,5630,1710,1220,670,2150,57490,8540,530,3390,350,1810,660,550,2200,18030,2280,1440,1390,4920,5270,4910,20200,4680,56480,24430,88310,23620,17530,33770,2920,251750,43710,19940,5700,31530,5760,440,107090,730,22490,3750,2520,6520,2600,38600,6600,76630,1520,1220,1690,1580,2900,92150,9900,4710,14600,763580
May-2015,76620,820,7770,2420,28520,1830,5810,123780,39230,4030,1240,10490,6460,2230,1240,570,2790,68270,16070,590,5050,850,3990,470,520,2760,30300,1520,1670,2700,6000,5430,4400,21710,3280,42260,15480,90680,15700,18260,27490,2870,216010,36240,14710,3720,22600,5770,470,83500,1060,18880,2140,2150,4410,2040,30670,7300,83600,1250,1540,1890,1290,3370,100240,5650,4810,10460,684920
Jun-2015,74940,1760,7700,3010,30180,2060,5980,125630,54520,5670,1480,16630,8840,2820,1740,1330,4960,97980,19890,1060,7550,2820,6530,1560,1060,4700,45180,1020,1420,2370,3900,3900,2840,15450,3120,40030,12990,95160,17070,13270,26060,2220,209920,33090,14740,4260,15410,4790,570,72870,460,12820,730,1330,3420,2170,20920,13330,80420,1080,770,1950,1590,3060,102210,4190,3530,7720,697890
Jul-2015,107650,2470,10970,5470,36660,2870,8570,174670,90840,10240,2220,26110,12940,3900,2740,3080,8120,160180,32640,1340,10480,5440,18560,3040,1570,11390,84460,770,2150,2460,4340,2830,3440,15990,5470,59590,23160,99640,25070,15330,33010,2650,263940,32510,13400,4110,20480,4190,650,75340,740,14800,750,860,6500,2090,25740,17720,100950,960,860,1700,1870,2980,127030,6610,6520,13130,940490
Aug-2015,98510,1120,6960,4570,31250,1930,5940,150290,70000,8780,1420,15720,11260,2830,2370,2600,6980,121950,21900,2000,7550,5880,17950,3130,2890,14590,75910,1400,1360,4750,6220,2950,3380,20070,3140,48320,17450,91530,17480,14470,27920,2270,222590,26780,11920,2700,12330,3040,760,57530,1260,14180,540,1720,5310,2400,25400,14970,83600,1300,1210,1430,1260,2200,105970,5380,5320,10700,790400
Sep-2015,92060,1650,8440,4830,35200,2380,7160,151730,70390,7540,2340,18910,12430,2580,2480,1770,5030,123470,27630,2440,8630,5840,17050,2700,1520,13040,78850,1070,1140,5440,5830,3190,4110,20770,3030,44120,16060,101850,17780,11840,31660,2670,229010,34480,14980,3900,18250,4060,660,76340,680,12820,470,1410,5230,2400,23020,17260,95040,1360,840,2020,1190,2170,119890,6070,5740,11810,834870
Oct-2015,100870,1990,8890,5480,36630,2490,9600,165960,75210,7910,1900,22910,14430,3480,2710,1050,3190,132780,37020,1490,11260,3760,9930,2090,920,8830,75300,1660,3130,4570,7860,4590,7490,29300,5430,53070,21640,111740,23110,14990,34910,3010,267900,48720,18050,4880,30360,7110,490,109600,1870,19590,2150,2500,4990,2790,33890,11820,120950,1290,1520,2350,1430,3460,142830,8320,5390,13710,971250
Nov-2015,102700,1450,7510,4120,29880,1850,6480,153980,37440,3300,770,7330,6230,2060,1150,720,1690,60680,8600,510,3710,1040,2650,570,610,4750,22450,1330,1870,2690,4230,4040,4020,18180,4210,45410,15970,74050,17460,15230,33960,3670,209960,38910,21950,4010,22870,5990,630,94360,1050,23430,3230,2070,4120,2130,36040,4920,83430,1410,1880,2010,1890,3780,99330,5970,4410,10380,705370
Dec-2015,102420,1680,7850,4320,27870,1500,6520,152170,26010,2600,600,4760,5370,1640,1180,740,2430,45340,4440,130,2450,240,690,590,370,2130,11030,1100,1070,1870,1280,4520,4960,14800,5720,34680,18060,76140,18830,13080,25050,4030,195590,26070,18760,3600,22990,4250,760,76420,1180,26880,2830,2050,5290,1750,39980,4490,67480,1410,1200,1490,1320,3820,81200,6050,5190,11240,627770
Jan-2016,178500,3000,5800,6260,37290,4270,9520,244640,66930,11310,4330,15520,11280,3150,3890,1660,3840,121910,13520,850,4440,410,1790,1770,1310,6240,30330,1870,3270,4520,2390,6930,8280,27260,8950,59620,34290,129680,35130,36690,39180,5840,349390,48340,23520,9370,58620,8250,530,148630,5120,63200,2450,6050,17240,1420,95480,22360,124900,3890,2440,1970,3110,7500,166180,14370,10990,25360,1209170
Feb-2016,114420,1140,7070,2040,14490,1710,6080,146960,20530,2370,1410,4780,4910,1700,1330,860,2610,40500,3670,580,2330,100,870,690,620,2420,11280,1560,710,2240,1340,4290,6740,16890,4260,34580,21760,74270,21850,20230,25320,3770,206030,33000,14150,6060,35130,4040,220,92590,3880,38630,1170,4480,6640,1200,56010,9090,64320,2130,2010,1010,1940,4200,84710,7780,5400,13180,668150
Mar-2016,125120,1650,7510,2120,22880,1750,6410,167440,20550,2010,1120,3590,3810,1040,1580,670,1260,35640,2960,170,2320,350,720,280,430,1530,8750,1050,900,1040,880,3870,3730,11460,3820,40720,23540,83330,18700,16020,31470,3270,220870,34210,19820,5340,26590,4550,610,91120,1810,29390,2430,2530,5070,2390,43620,7640,57210,1240,2160,800,1720,3850,74610,6030,4650,10680,664190
Apr-2016,115520,1960,6350,3110,25860,2050,6770,161620,31960,4240,1000,6780,7490,2470,1880,430,2480,58750,9290,610,3110,400,980,460,530,2140,17520,1950,1690,2300,1430,4820,4930,17110,4470,55120,24840,96580,23490,19400,35070,4120,263090,48870,22250,5440,43660,7490,610,128320,1270,26830,2610,3830,7040,2820,44410,5760,90750,1570,2000,1540,1860,3750,107250,8900,5570,14470,812520
May-2016,81320,1360,6710,2480,27780,2790,5900,128340,36810,4790,930,9170,6650,2230,1540,1140,2770,66030,13580,760,4950,950,3550,860,740,2660,28060,1850,2540,3840,1860,3410,3820,17310,3760,43000,16740,100880,16620,19560,29760,2820,233150,39550,20370,4600,24810,6220,870,96430,1230,18280,1830,1920,3780,2430,29460,8210,90360,2090,1210,1690,1300,4210,109060,6780,4660,11440,719280
Jun-2016,73450,1400,8960,3820,27200,2000,6660,123500,53940,5550,1290,13790,9880,3310,2100,1840,3960,95660,20800,1260,7320,2260,6130,1200,1210,5770,45960,1610,1130,3640,1870,3220,3880,15350,2840,39950,14340,107770,14990,15500,24510,2610,222500,35830,17290,4530,18100,5490,660,81900,550,13220,990,1370,3860,2410,22400,14480,82510,1220,950,1830,1800,2270,105070,4650,4850,9510,721850
Jul-2016,118210,2460,7600,6660,36780,2940,6720,181370,87210,11290,2110,25300,12960,5000,4070,3050,8360,159360,36500,2060,12490,7200,19710,2650,2590,13910,97100,1130,2720,3780,2460,3890,3690,17670,5030,56500,25210,127970,25460,18300,37960,3600,300030,34600,15280,3710,26440,6680,1000,87700,1820,16400,1270,1290,7980,2900,31660,19560,107650,1460,710,2100,1650,2960,136100,7730,5870,13610,1024590
Aug-2016,102630,1310,6970,3980,31050,1430,5890,153270,63210,8900,1200,14120,9510,3190,2690,3000,6310,112130,22620,2220,9000,8210,18160,5730,2580,17570,86090,1400,830,6900,3420,2910,3520,18980,3160,44460,17840,112970,19100,14250,26990,2300,241060,27570,12250,2100,13060,4220,480,59690,1210,16770,600,1590,6050,2010,28240,15580,85270,4730,610,1780,930,2590,111490,6280,5090,11370,822320
Sep-2016,95230,2450,11840,5610,33100,2730,5210,156180,70720,8230,2350,16770,13630,3840,3550,1630,5450,126180,28050,3130,10170,6800,20200,2780,1700,16050,88880,1240,1460,6910,3630,3560,6640,23430,3610,43550,17390,109580,17900,13330,33980,2640,241980,38550,15330,3730,21970,5270,720,85570,910,16280,1170,1970,6020,2690,29040,17040,93170,2710,820,1300,1450,3150,119640,6780,6090,12870,883760
Oct-2016,117360,2160,11750,7210,37280,2310,6000,184070,69320,8230,2720,19160,13950,3470,2080,1150,4080,124160,34130,2510,12780,3910,10870,1930,1990,8750,76890,2010,2880,7940,4370,4480,7620,29290,4320,52850,22540,120780,23550,17730,37600,3410,282790,51720,21450,5970,35770,8330,670,123900,1640,22010,3210,2770,5440,4260,39320,14590,123130,1080,2430,1700,1200,4750,148870,8390,6960,15350,1024640
Nov-2016,105890,1480,10070,4340,28560,1270,5180,156790,33260,3590,740,6470,6430,1900,1520,640,2090,56640,8710,980,3810,270,2070,500,1030,4190,21560,970,1460,3410,1940,4960,4520,17250,4620,43230,17470,96140,18710,15720,30880,4370,231140,42050,20370,5310,23830,6140,350,98050,1010,27960,4160,1780,3280,2200,40390,5100,90380,1600,1880,1490,2330,4940,107720,5300,3890,9190,738730
Dec-2016,115130,2340,8510,4000,27500,1690,4830,164000,31710,2790,970,4150,5210,1980,1750,1010,2000,51560,4410,430,2490,350,830,290,670,2170,11650,1340,1380,2100,1410,5070,5330,16630,6460,34180,16760,81860,17550,13560,33630,4640,208640,29820,17160,4470,25600,5140,340,82530,1430,28240,3970,2540,7230,1810,45220,7000,73180,1040,1280,1320,1590,4410,89810,5740,4790,10520,680560
Jan-2017,196420,2540,5670,6590,38830,3990,6920,260970,74340,10330,3280,16390,11000,3050,4940,2330,5840,131500,14780,1320,5710,910,2290,1750,2010,6660,35430,3080,3090,5830,1170,7330,8960,29450,8180,57530,34370,118360,36320,36160,43250,7530,341700,48660,23390,9770,62510,9310,680,154320,4390,72560,2460,6680,19610,2910,108610,29340,125460,3530,2210,1640,2650,7690,172500,14270,11620,25890,1260360
Feb-2017,117850,1160,7900,2060,15100,2050,3950,150060,22500,2170,1620,3780,4210,2010,1620,1170,2760,41830,4660,230,2530,410,870,830,700,2750,12980,1320,790,2990,1260,4350,6860,17560,4420,36960,27150,76640,28130,24510,29080,4160,231050,48810,16270,6640,41190,5520,470,118890,4230,47150,2000,5220,6970,2420,68000,13140,63320,1080,1620,1310,1230,4000,85680,5880,6770,12650,738700
Mar-2017,132140,830,6880,3000,20840,1820,4120,169640,22320,2220,1030,3850,4940,1200,1740,610,2460,40360,3690,440,2530,480,710,440,360,1830,10470,1100,1190,1410,580,4670,4130,13080,3410,41320,21770,83770,18160,18810,34370,3320,224920,35230,19380,4910,28020,4550,860,92960,2320,29750,2260,3510,4900,2310,45040,8400,62950,2300,2160,1050,1540,3970,82380,6630,4950,11580,690430
Apr-2017,137590,2250,7850,4580,27900,2690,4200,187060,36750,5100,1150,7350,6880,2230,1720,880,2370,64420,11510,710,4820,830,1980,560,710,2900,24020,2450,2270,3190,1050,5650,5550,20160,4370,58710,29520,98180,28300,23330,36740,3410,282560,56340,27100,6900,50280,7410,900,148920,1760,29740,3710,3400,8380,2420,49420,7640,84720,1850,1740,1720,1500,3590,102760,9660,4950,14610,893920
May-2017,92570,1500,8320,3850,28790,2220,5220,142460,41690,5260,1440,8470,7770,3460,1780,960,3070,73910,15940,1720,7040,1550,3680,840,1270,4110,36160,2110,2510,4360,1720,4140,5490,20330,3510,45200,20080,95970,17260,20230,28970,3120,234340,50760,14700,4720,28770,6180,520,105650,910,21530,3280,2120,5370,2510,35710,11190,92640,1650,1290,1640,1960,4790,115150,7230,5010,12240,775960
Jun-2017,80600,1380,7800,3820,27620,2010,4850,128070,57850,7300,1010,10860,10220,3370,2560,1850,6530,101550,23280,1930,11770,2760,8200,1920,1320,5850,57040,750,2180,2190,1180,3410,3310,13020,2350,43740,19450,100710,16580,15030,30780,2690,231320,41580,15770,3770,23280,5700,1130,91230,740,14850,1330,910,3770,1840,23450,14940,84370,1010,820,1430,2030,2390,106980,5410,5110,10520,763180
Jul-2017,122950,3200,8880,7290,36210,3470,7400,189410,89310,9020,2840,22420,14750,4270,4110,3500,9830,160050,42970,3250,13190,8100,26640,3020,3530,13740,114450,1460,4430,6200,3600,3460,4330,23480,5070,59070,28930,121390,28090,15930,34440,3830,296760,40450,15450,3930,25110,6290,1770,93000,1810,19690,1270,2470,8800,3360,37390,23120,107680,1650,940,2490,1350,4140,141370,7300,7530,14830,1070740
Aug-2017,106800,1220,8080,5080,29230,2250,5460,158120,69430,10040,1070,14260,12170,3660,3110,3150,7580,124480,25070,2440,9380,9170,23300,3970,2640,19040,95020,1500,1360,7470,3820,3090,3700,20940,3830,47700,22020,111900,16960,14430,25080,3180,245100,30050,11670,3470,15010,4510,1050,65760,1090,16340,560,1560,6510,2690,28750,18190,86780,1080,800,1350,1730,3450,113390,6070,5610,11670,863230
Sep-2017,101720,2080,13270,6160,32850,2860,6120,165050,74660,9700,1670,15920,13500,3880,2690,1550,7600,131170,31150,3570,11630,6520,24410,3200,2990,17340,100800,1940,1720,8860,5050,3740,6940,28270,3760,46350,22100,108460,17350,13550,33430,3650,248640,45490,17170,4040,24410,5520,1030,97670,1640,17250,780,2410,6270,3590,31930,21810,98000,1210,1110,2110,2630,2990,129870,6670,6100,12780,946170
Oct-2017,117900,1810,13050,6460,35880,2430,6310,183850,73720,9030,1990,18980,13930,3740,3170,1970,4760,131290,40040,3030,14000,4970,14030,1880,1970,11940,91860,1790,3430,8460,4980,4500,6780,29940,4850,56440,29690,113280,28160,16670,42070,4700,295850,61510,22530,4880,40460,7470,850,137710,1680,29860,4470,2730,6790,4300,49840,15930,115550,1680,1710,2550,1330,3230,141980,8670,7700,16370,1078680
Nov-2017,114710,1880,10620,4020,26950,1830,5820,165840,33570,3580,930,5570,6410,1830,1400,940,2430,56650,10160,1300,5100,660,3550,990,850,4750,27340,1130,3440,2940,2450,3970,4960,18880,3700,49160,21210,86710,21050,16860,36880,4120,239690,48030,23280,4830,28420,5150,760,110480,930,28700,4270,1780,5770,2600,44040,6020,81680,1390,1910,1560,2190,4600,99360,6110,4730,10840,773110
Dec-2017,114590,1750,6020,4690,26770,1660,4340,159830,32320,2620,1610,4250,5300,1580,1350,930,2760,52720,6310,630,2880,310,1490,380,510,2240,14760,1210,1300,2050,1180,4610,4940,15290,5550,38140,20920,67110,18050,15650,27500,4720,197630,34230,17960,4840,26580,4280,840,88730,1920,33490,3740,3530,7130,2180,51990,7250,71550,890,1680,1380,1760,3800,88290,4960,6560,11520,680770
Jan-2018,194050,2140,5590,7020,33930,3840,7470,254050,76330,12400,4820,16310,13070,3800,4010,2320,7070,140140,15960,1370,5660,880,2560,1740,1730,7490,37380,3370,3400,6220,1500,8390,9690,32570,8690,61160,43180,115590,37880,39270,42320,6220,354320,64060,26890,11360,74470,10460,710,187950,4990,84580,2500,9210,21110,3070,125460,31420,125600,3180,3600,1930,3660,8280,177660,14750,12680,27430,1336960
Feb-2018,116950,760,6300,2290,14560,1980,3780,146620,22980,2430,1510,4810,3980,1670,1640,940,3290,43240,5540,500,2130,240,880,770,740,2810,13610,1420,910,2320,1560,4540,6940,17690,4500,38300,23630,77550,20620,21710,24930,3640,214880,34270,14980,5290,45900,5760,580,106790,3780,47730,2500,6450,8350,1590,70400,10940,60570,1240,2730,1010,2270,4440,83200,5700,6900,12600,709020
Mar-2018,128930,1220,7740,3030,20210,2270,4900,168310,24040,2800,970,4850,5010,1720,1400,450,3010,44260,4260,640,2580,230,820,270,580,1850,11210,900,1680,1500,1400,4150,4570,14200,3230,42360,28960,90170,21380,17480,34530,3270,241380,46580,20150,5520,36290,4700,1000,114240,2050,35540,3640,3430,6900,3150,54720,8670,61320,1800,2330,1590,1760,4020,81480,6320,4620,10930,740730
Apr-2018,130920,1830,7180,5080,27720,2570,4060,179370,37470,5390,1280,8620,5850,2240,1660,1080,3280,66870,11960,1010,4430,490,1800,650,560,3950,24850,2570,3400,3190,1920,5350,6040,22460,5340,58600,32200,105320,26000,22360,43150,2910,295880,62430,29250,6970,56820,6790,490,162740,1390,32530,3750,3780,10040,3740,55230,7510,88460,1790,2100,1390,1430,4360,107030,9150,5460,14600,929040
May-2018,89820,1330,6940,4080,28590,2270,5060,138100,43900,5170,1010,9550,7750,2920,1710,1170,3280,76440,16430,1480,8230,1650,4280,770,1290,4860,38980,1890,2410,5830,2060,3900,6380,22470,3320,43850,21850,108390,16750,20540,32800,2640,250140,58910,19820,4500,37160,6220,960,127580,1030,22500,3060,2930,6340,3520,39380,11640,94560,2190,1010,2180,2160,3560,117290,6850,5000,11860,822240
Jun-2018,78400,1320,7560,4940,27370,1990,4980,126550,66190,8470,1890,15090,10620,3230,2400,2680,7130,117710,27990,2820,9730,4190,9100,1420,3560,7340,66140,1210,1800,2040,1790,2520,3600,12960,2120,39910,19720,104780,15720,16790,30640,1610,231290,45890,16210,4540,27270,5720,490,100140,1190,15210,1450,1640,5240,3560,28270,15950,91450,1480,730,1800,1860,2600,115880,4980,4800,9770,808710
Jul-2018,125380,2400,8220,8070,35750,3120,7060,190000,92510,12160,2240,25860,15080,5340,4050,3530,11520,172280,47260,3350,14310,10510,30290,3140,8150,17620,134640,1210,2430,5780,3700,3840,5420,22370,4650,57550,31020,125900,27460,18580,40700,3440,309290,43780,19070,5330,32250,5670,1890,108000,1440,21010,1700,1600,10340,3970,40050,23470,106780,1310,1200,2510,1660,3830,140760,8480,7730,16210,1133600
Aug-2018,108790,1570,11300,5500,33100,2560,5740,168550,72800,10370,1480,14080,12290,4180,3180,3210,9190,130780,25460,3850,8310,10140,23030,3410,3290,22730,100220,1380,1840,7110,5240,2800,6490,24860,2470,49890,23490,114150,16440,15570,30840,2310,255150,36170,12870,3830,15660,4770,1150,74440,1260,18800,1070,1730,9530,4150,36530,19090,85050,1580,1000,1490,1430,3140,112780,5450,7430,12880,916200
Sep-2018,100590,2330,8250,5320,30850,2790,5450,155590,75610,10230,2260,16240,13430,4240,3400,1780,8420,135620,37650,3430,11780,7710,23650,2740,3840,18800,109610,1420,2210,7040,6090,3590,6270,26630,2820,43640,22710,114670,19340,14600,37830,2480,258080,48880,18340,3880,26130,5030,540,102800,1730,21130,1470,3270,8710,5450,41760,22120,96720,1750,1050,2050,1760,2940,128400,7130,8360,15480,973970
Oct-2018,119270,2590,8040,6830,35730,3020,6780,182260,80420,8880,2580,21660,14180,4370,3700,1640,5760,143190,44120,3050,15610,5710,17080,2370,1950,12340,102240,1750,4400,7890,7490,5290,7860,34680,4800,55800,28580,132060,25270,18200,38990,3190,306910,67140,26400,6750,47800,9450,1110,158650,1450,28280,3700,2720,9180,5400,50730,15580,126560,1500,2250,2220,1930,2720,152750,8300,8110,16410,1147820
Nov-2018,120570,1360,8520,4820,30120,1870,5300,172560,34560,4230,1010,6740,6130,1680,1770,670,3140,59920,11520,1970,5450,1100,3000,1050,780,4970,29830,1240,2200,3280,2570,4240,7780,21310,4190,46420,21460,103620,18980,17350,29640,4030,245690,48680,23600,4460,32310,6100,840,115990,1200,32560,5890,2000,7660,3420,52730,6620,82170,1420,2390,1790,2640,3750,100780,6450,5050,11500,810320
Dec-2018,121760,2190,8960,4670,24150,2410,4520,168660,36660,3180,1390,5020,6700,1960,1860,880,3970,61620,5850,560,2930,380,1110,730,770,2510,14830,990,1300,2640,1690,4660,6100,17390,4620,35100,20490,87630,18140,16400,28560,4110,215050,36530,20870,5110,28630,4810,780,96730,1690,32570,4450,3140,8890,2980,53720,7840,75460,940,1650,1360,1470,3650,92380,5600,6830,12430,732810
Jan-2019,197280,2720,5980,7710,35890,5590,7810,262970,80660,11540,4720,15380,14380,3890,4910,2280,7640,145400,16100,1610,7130,1210,2470,2290,2060,8440,41320,3330,3580,6420,2930,8410,12390,37060,6810,59450,42190,126460,37430,42970,42120,5880,363310,69320,28630,11670,84950,10880,820,206270,3940,90020,3690,9350,21960,3460,132400,31300,124730,4030,3140,2260,4120,7600,177170,12740,14190,26930,1392850
Feb-2019,115610,920,7150,2660,14230,1980,3090,145640,23210,1810,1630,5370,4800,1490,1920,900,3530,44660,5620,390,2230,300,830,660,580,2600,13210,1480,1440,2090,1230,5110,7100,18450,3410,35870,26670,78890,25250,22340,27100,3610,223160,46270,15530,6310,50120,5200,700,124140,3230,57030,2840,6350,9310,2500,81250,12960,57470,1120,2120,1260,2300,5140,82370,6270,6940,13210,746080
Mar-2019,134780,1390,8760,4610,20010,1880,4240,175670,23290,2850,1280,5090,5290,1500,1300,1170,3830,45580,4020,620,3310,400,830,500,580,2260,12520,1010,1440,1360,940,4790,6030,15570,4130,41660,29290,91890,16730,21020,34560,2840,242130,41330,23320,5730,34270,4840,890,110370,2100,37860,3630,3470,8390,2940,58390,9020,61410,2190,2740,630,2030,3660,81680,5790,5810,11600,753510
Apr-2019,129210,2410,7990,5140,29130,2160,4980,181020,35670,4460,1390,7490,6720,2190,1600,410,4060,63980,12690,990,4960,570,2310,840,680,3510,26530,2520,2740,3040,2380,5970,7380,24040,4190,53500,32480,108010,26540,20380,38900,3330,287320,63540,26800,7170,58200,8700,880,165300,1990,30270,3330,3690,10260,4890,54420,6450,81130,1450,1930,1750,2090,4730,99530,8360,5940,14300,916430
May-2019,90190,1610,6340,4210,28430,2520,5410,138710,47810,6380,1410,9610,7740,3150,2030,1000,4480,83610,19990,1830,7900,2160,5270,1110,1090,5310,44650,2540,3300,3220,2410,3780,6830,22080,3210,47490,25350,113280,19920,24340,27410,2350,263350,59550,20430,5450,41660,7330,980,135390,1170,28390,3490,2770,5600,4290,45690,12860,94990,1660,1430,2150,2190,3830,119100,7330,6360,13690,866280
Jun-2019,80740,1700,8280,4420,27970,2510,4830,130440,64610,8040,1920,16340,9280,4210,3030,2110,7080,116620,31120,2460,11960,3870,9840,1970,2210,8240,71660,1180,2610,2510,3060,2780,4640,16780,1990,38900,18740,114280,16530,17770,28750,2480,239450,49670,17500,5160,31650,6340,770,111090,1700,18390,1880,2180,4030,3390,31570,17080,86380,1500,1170,2010,1870,2560,112570,5720,6050,11770,841950
Jul-2019,123510,3030,8800,7800,37560,3670,6290,190650,93350,11280,2790,23710,14930,5600,4330,3730,10990,170720,47660,3360,13320,8750,30130,2880,3400,15210,124710,1450,3070,5740,5620,2980,4790,23650,5350,50860,28200,142270,26590,18540,37410,3570,312790,42070,17160,4870,34690,6810,1530,107120,1580,21480,1690,1570,7860,5010,39180,21510,104010,1780,1620,2180,2260,3730,137100,8060,8600,16660,1122590
Aug-2019,112640,1660,6970,5570,32370,2770,5840,167810,72550,9970,1610,14140,11300,4090,3310,2740,8670,128380,27640,2970,8840,7960,26260,4340,3360,19760,101140,1380,1310,7210,6750,3020,7900,27580,3040,45930,22180,132910,19730,16720,29670,2920,273100,35590,11260,4220,17580,3870,1500,74020,1570,18750,1310,2190,5970,4430,34220,18620,84600,1560,1140,1610,1410,2290,111220,6610,6890,13490,930970
Sep-2019,110950,2700,8060,5870,28890,3180,5880,165530,73830,8550,2170,16460,13240,4510,3300,2670,6620,131350,34640,4330,11960,7570,24650,3630,4130,18340,109250,1370,2260,6350,7090,4310,6190,27580,2470,42660,23230,133240,20460,15570,37540,2860,278020,46650,12470,4510,30860,6190,670,101350,1480,22950,1530,2220,7910,4310,40380,21970,95180,1330,840,1260,1220,3050,124850,6770,7720,14500,992820
Oct-2019,125280,3140,8470,7330,33090,3020,5630,185950,78450,8740,1970,18990,14080,4070,3080,1290,5730,136410,41550,3560,16280,5550,17410,2160,2300,14610,103420,1120,3280,6360,7760,5530,9490,33530,5080,53180,27490,142510,24420,19140,39070,3000,313890,66230,15170,6690,60150,10600,980,159830,910,29090,4690,2560,8440,5210,50890,15850,116960,1780,2120,2860,1920,3760,145240,8060,8740,16800,1145970
Nov-2019,119100,2000,7970,5240,30350,2440,4730,171840,36050,3930,1320,5780,6390,2280,1720,860,3480,61810,12790,1920,5720,1180,3540,860,980,5330,32340,1430,2350,4330,3780,4780,8730,25400,3610,41140,21670,117300,20740,20030,39310,3230,267040,52550,14940,5060,42620,8290,1010,124450,900,37260,5960,2560,6250,3930,56840,6890,78960,1810,1460,2080,3360,3770,98320,5570,6170,11730,849790
Dec-2019,123540,1990,9230,5770,27100,2510,4230,174380,33950,3290,1270,5040,6900,1510,940,1320,3490,57710,7360,490,3720,400,1340,460,960,3100,17840,1390,1710,1170,1480,6040,6800,18600,5150,32280,19600,99680,19110,16370,34870,4230,231290,34960,14540,5260,35410,5210,760,96130,1960,34630,4360,3260,6710,3230,54150,8280,69780,1110,1390,900,1850,4010,87320,6200,6060,12250,749660
Jan-2020,201920,2670,6640,9060,36150,4220,7270,267940,82470,11680,5260,15890,13380,3690,5130,2530,8270,148320,16560,1790,6530,1150,2570,2150,2530,7800,41080,3360,3930,3980,2490,7920,10480,32160,6760,54370,41750,143210,42110,42650,50210,4890,385940,72530,17940,12950,87780,11660,970,203830,6540,88390,2980,9350,16440,2920,126630,32230,112280,4130,2110,2620,3970,7900,165230,12960,13350,26300,1397420
Feb-2020,125070,940,7290,2840,16010,1710,3610,157460,23670,2250,1930,5000,5250,1790,1900,900,3320,46000,5870,510,2280,260,1230,600,610,3330,14680,1280,1540,1800,1930,4280,7800,18630,3920,32310,34910,92540,26970,24440,23070,3690,241850,40000,9270,8080,55690,7420,750,121210,4480,59130,3600,6190,8450,2330,84180,13840,59790,1880,1730,950,2320,5010,85520,7250,8610,15860,785390
Mar-2020,99310,840,6860,2710,14160,1330,2510,127720,29820,2270,1190,4370,3820,1470,1490,580,4150,49160,2660,760,2040,520,810,430,750,2230,10190,970,1170,750,1610,3710,5360,13570,2430,29070,15790,71840,10670,14620,11760,2870,159050,3670,1970,2260,27920,1470,160,37440,1820,28530,2470,3680,5980,2670,45150,14090,53760,2000,2620,1080,2580,4890,81010,9120,5950,15070,538360
Apr-2020,850,20,210,0,80,50,150,1370,1540,130,50,150,140,70,40,50,90,2250,90,50,90,20,40,20,20,170,500,110,20,190,60,140,350,860,150,470,180,760,490,1470,240,130,3880,380,180,120,300,30,20,1040,230,2530,280,650,150,100,3920,330,900,140,90,400,80,720,2640,340,230,570,17050
May-2020,1380,10,170,0,0,90,110,1760,1050,120,10,120,110,60,50,40,80,1640,90,10,70,0,30,10,30,80,310,70,20,90,120,160,440,910,10,310,70,180,130,330,320,130,1490,820,220,100,170,80,10,1400,180,2680,250,660,230,120,4110,140,1080,80,50,0,40,160,1550,40,180,220,13380
Jun-2020,1430,10,340,20,40,20,100,1960,1300,120,30,130,140,80,70,40,80,1990,110,20,120,10,50,30,30,180,550,50,50,100,150,230,460,1050,10,370,120,270,40,320,370,80,1580,1440,330,360,160,160,30,2490,140,1850,370,940,70,160,3540,240,1370,170,70,60,40,160,2110,100,390,490,15760
Jul-2020,1230,10,350,0,40,40,100,1760,960,100,30,150,140,80,60,60,100,1670,60,20,60,20,40,30,10,190,430,40,30,260,70,270,380,1040,10,70,120,300,370,120,350,30,1360,610,350,140,190,150,10,1450,30,390,0,240,30,90,780,250,1160,40,0,0,30,70,1550,30,220,250,10280
Aug-2020,900,0,310,10,10,0,110,1350,850,90,10,80,130,60,40,30,60,1360,50,10,40,20,50,20,10,80,280,30,20,280,30,230,270,870,20,170,100,180,140,60,220,60,940,500,330,90,200,100,10,1220,50,260,0,60,60,60,480,180,1060,30,0,0,30,50,1350,20,220,240,8070
Sep-2020,940,0,390,10,20,10,110,1470,1080,110,30,120,150,70,40,20,80,1710,90,10,70,20,70,30,10,130,430,50,30,120,70,170,250,690,20,150,140,170,120,110,210,70,990,500,270,100,130,100,0,1100,40,440,0,70,30,40,620,160,750,20,0,0,20,40,990,20,150,170,8170
Oct-2020,1660,10,500,10,80,10,140,2410,1360,120,40,200,220,90,60,60,90,2240,150,30,90,30,120,30,30,220,710,50,50,90,110,200,320,810,20,170,190,220,180,170,290,40,1280,490,260,110,130,130,10,1140,50,560,60,140,30,90,920,250,850,20,20,10,20,70,1230,70,350,420,11170
Nov-2020,1780,10,540,10,50,10,140,2550,1600,100,20,260,250,100,100,60,130,2600,170,20,100,60,120,40,30,220,750,40,70,120,130,250,340,950,30,190,180,290,240,230,450,100,1710,550,310,120,170,120,10,1280,50,530,70,120,40,90,920,220,1340,30,20,10,20,80,1720,130,380,510,13000
Dec-2020,2190,20,710,40,90,30,110,3190,1240,80,20,150,190,90,60,50,110,2000,90,20,70,40,70,40,60,190,580,60,80,170,140,250,530,1240,60,160,160,390,250,260,660,40,1980,630,560,140,180,170,40,1720,60,890,40,230,120,150,1490,230,1180,20,20,10,30,80,1570,120,400,530,14300
Jan-2021,1820,10,420,30,60,10,90,2440,930,120,20,110,160,50,60,40,110,1600,70,10,70,10,60,30,30,140,420,60,30,180,80,190,300,850,20,120,90,250,200,160,460,140,1430,680,420,130,180,130,10,1540,40,960,50,300,70,90,1510,180,810,40,20,10,20,60,1130,100,310,410,11350
Feb-2021,1630,0,340,10,70,0,100,2170,600,90,10,60,120,60,30,30,60,1060,70,10,30,20,50,20,30,120,340,50,20,130,70,160,240,650,20,110,30,190,120,100,290,30,890,420,250,110,110,120,0,1010,60,670,60,230,70,80,1160,120,490,30,10,10,20,60,740,70,300,370,8390
Mar-2021,1760,10,490,20,50,10,110,2450,480,80,20,70,130,60,40,20,80,980,80,10,30,10,50,10,30,120,350,60,50,140,70,180,310,810,10,150,70,210,170,90,250,150,1090,400,120,120,100,100,20,850,50,780,40,330,50,130,1370,120,590,40,10,10,30,70,860,100,410,510,9250
Apr-2021,10250,20,500,10,10,0,90,10890,330,60,20,60,70,70,40,20,50,720,70,20,30,10,40,20,10,140,350,60,40,120,80,180,310,780,20,110,60,170,130,50,250,50,830,340,160,50,90,90,30,760,50,670,70,440,40,130,1390,100,600,40,10,0,10,40,800,80,390,470,16990
May-2021,55440,10,300,10,50,0,70,55890,460,80,20,70,80,50,40,20,80,900,70,20,40,10,50,10,20,120,340,40,20,80,70,150,360,710,20,140,60,160,130,110,290,150,1060,410,160,60,160,100,10,900,40,510,40,210,70,110,970,120,810,30,10,10,30,50,1070,120,390,510,62360
Jun-2021,43140,10,320,10,120,10,100,43690,540,70,20,90,80,40,40,30,60,970,90,20,70,10,20,10,20,90,320,40,60,80,40,200,330,740,30,130,70,220,160,60,280,230,1190,370,170,60,100,80,20,810,20,670,30,240,50,130,1140,170,960,20,10,0,20,50,1220,70,340,410,50490
Jul-2021,36020,10,240,10,80,10,70,36430,570,60,10,100,90,40,30,20,50,950,50,10,40,20,30,10,30,120,300,30,30,70,40,160,230,570,20,100,40,110,140,50,200,150,810,300,130,110,200,80,10,820,30,520,20,90,90,90,840,90,520,20,10,0,10,60,710,80,300,380,41830
Aug-2021,4190,10,290,10,70,10,80,4660,610,50,10,80,90,40,30,40,40,980,40,10,40,10,40,0,30,90,260,30,30,60,40,80,140,380,20,70,40,110,60,50,150,110,610,250,110,60,1120,50,20,1620,40,440,30,130,30,70,740,150,570,10,0,0,10,50,790,90,200,290,10310
Sep-2021,240,30,340,10,30,20,70,730,570,50,20,130,110,50,50,40,50,1060,70,10,30,10,60,20,30,90,320,20,10,70,40,150,180,470,0,60,30,120,60,40,120,150,580,220,100,50,510,50,20,950,10,250,10,190,30,50,540,120,870,10,0,0,10,30,1050,90,240,330,6040
Oct-2021,430,10,310,10,20,10,70,860,560,60,10,90,90,40,40,20,70,970,80,0,40,10,50,10,20,60,290,30,30,40,20,90,200,410,10,80,20,50,40,60,100,190,550,180,70,20,50,30,20,360,10,280,10,140,30,60,530,110,640,10,10,0,10,40,810,70,230,300,5070
Nov-2021,2230,90,560,10,60,10,100,3060,3410,380,90,520,540,200,140,150,300,5720,410,70,270,60,290,60,90,470,1720,140,220,440,320,1110,800,3030,40,430,50,270,200,190,1270,210,2670,540,280,50,160,270,40,1330,160,1600,190,590,420,130,3090,440,3650,70,30,10,70,120,4380,290,630,920,25910
Dec-2021,2570,20,680,30,8100,20,110,11520,5640,620,70,780,710,280,250,190,370,8890,510,100,330,60,210,90,90,670,2060,300,340,880,650,1740,1590,5500,100,1640,120,510,390,340,2760,210,6070,750,360,100,260,480,30,1980,510,4380,530,1210,1090,260,7980,820,6560,150,60,30,110,220,7950,190,680,870,52830
Jan-2022,1860,90,460,50,20410,20,80,22960,16100,3520,330,3030,2030,780,700,650,1190,28330,1740,300,1270,110,460,350,310,1570,6110,1380,550,2280,1600,4030,4020,13870,560,6060,250,640,1060,750,6060,240,15620,700,610,270,640,960,20,3200,2630,17670,1250,5260,3590,580,30980,4640,20060,930,90,120,650,1190,27680,1420,1400,2820,151570
Feb-2022,1470,50,750,40,7410,10,170,9900,8150,1120,240,1410,1030,410,510,310,660,13850,1150,220,740,140,310,250,240,1230,4270,1210,520,1690,1420,3320,4240,12390,510,3870,1020,710,1630,1220,5160,220,14340,1050,610,430,470,750,40,3360,3090,20380,1830,7490,2920,490,36210,3180,12750,820,100,130,480,1100,18560,1810,2180,3990,116860
Mar-2022,9410,90,1390,40,11200,30,150,22330,11370,1460,380,1550,1180,560,670,290,790,18250,1380,220,770,160,420,250,240,1110,4550,1010,460,1510,1440,3800,3950,12180,900,6450,2320,1680,1410,2840,6840,180,22620,890,440,410,560,790,120,3210,2190,19420,1850,5350,3160,880,32860,3630,18860,730,170,200,640,1080,25310,2610,2430,5040,146340
Apr-2022,34380,630,2910,80,26760,0,290,65060,21750,3270,410,2670,2060,1080,990,410,1430,34070,2430,530,1540,210,730,340,140,1320,7260,2690,1240,1260,1940,4250,3720,15110,1280,13920,5700,11240,5150,7530,16490,380,61690,740,380,420,2130,2000,100,5790,1480,32010,2240,3610,5090,1630,46070,3640,32320,1210,380,340,790,1570,40240,4470,2870,7340,282630
May-2022,48900,420,2270,90,25800,30,450,77960,26480,4070,460,3790,3570,1630,1210,620,1910,43740,4450,570,2560,380,1430,440,100,1970,11880,2460,2120,2260,2190,3530,5330,17870,1730,16850,9190,29180,6800,10600,14760,740,89870,870,490,490,2360,3500,150,7870,2110,39670,3190,5060,4710,1630,56370,4270,36780,1740,370,470,1120,2230,46980,4440,3630,8070,360610
Jun-2022,53670,890,2640,110,27350,140,840,85640,34450,4900,800,6430,4900,1630,1360,1100,2860,58440,8960,1090,3890,770,3480,860,260,3550,22870,2120,1470,3040,3560,2490,4260,16930,1270,17460,10380,48780,7720,10210,17840,460,114120,1250,910,610,2500,3670,190,9140,1240,20870,2130,2690,2850,1310,31090,5960,36140,1310,350,380,850,1600,46590,2650,3420,6060,390890
Jul-2022,96180,1970,3240,1840,38440,110,1870,143640,66480,10440,1260,14970,9860,3600,2850,3450,5510,118420,23590,2230,8310,3220,12290,1450,240,7800,59130,2040,3370,3460,6320,2880,5480,23550,1660,26190,18580,86160,13780,12700,27000,1020,187080,1520,1350,780,4400,4740,300,13090,2190,31470,2100,2960,4520,2590,45840,13570,54300,1460,470,320,780,1840,72730,4120,3430,7550,671040
Aug-2022,88950,970,2560,2080,31720,840,1660,128770,58050,9670,1090,11660,7610,2570,2490,2880,5100,101120,18240,2060,5420,3940,13320,1980,570,13240,58780,2070,1590,5950,7250,2280,4730,23880,1860,28100,16300,87770,11270,12400,21940,920,180550,1350,860,860,3450,3990,300,10820,2010,22150,1280,3420,2610,2380,33860,12850,44950,1440,400,390,880,2110,63020,3200,3940,7150,607950
Sep-2022,90400,1700,3620,3250,32470,1260,2400,135100,55020,9020,1400,12430,8940,2630,2370,1570,4870,98260,23550,2530,7120,4070,14520,2150,500,14190,68640,1510,1690,4930,8010,3140,5020,24290,1230,25470,16030,90390,12610,11550,25460,1290,184030,1670,1610,1040,4250,5520,220,14310,1030,20990,910,2360,3440,3090,31820,12660,52330,850,300,600,960,2120,69800,3510,4020,7530,633790
Oct-2022,89870,2520,3610,3670,34330,1550,3510,139040,57360,6160,1510,13160,9580,2780,2320,1360,3900,98130,26470,2460,8050,2140,10630,1710,400,9220,61090,2210,3110,5610,8260,4710,8610,32500,2150,33120,18570,98100,16390,15500,38010,1340,223180,2110,2350,1960,11910,9480,240,28060,1600,35010,3580,3440,3470,3410,50510,9450,64160,1570,680,980,1580,1720,80140,5100,4120,9210,721860
Nov-2022,101330,2170,3890,3150,30750,960,3060,145300,33990,3640,710,5850,5040,1760,1340,730,2440,55490,9580,1350,4810,1030,3310,1080,230,4690,26070,1640,1990,4690,6620,5790,8350,29080,2720,36460,17340,86270,14030,14980,26570,1690,200060,2500,4240,2440,15530,8650,190,33550,1580,33250,6230,3950,3590,2820,51420,4870,48880,1050,800,980,1870,2640,61090,5300,4760,10070,612120
Dec-2022,91570,1780,4130,3120,32120,1710,3080,137510,27050,2830,670,4980,4220,1390,1660,680,2830,46290,5160,720,2140,270,1320,340,170,1980,12110,830,1590,1590,1940,5360,8230,19540,2140,27890,16390,71520,12240,12220,19940,1470,163790,3660,5100,3020,17570,6150,220,35720,2260,36310,3750,3510,4670,1930,52440,5480,41040,1350,970,530,1690,2590,53650,4760,4170,8930,529980
Jan-2023,183740,5250,3770,4830,42610,4420,4520,249150,67550,9700,3920,15550,8620,2750,5160,1410,5920,120590,12910,990,4300,560,1010,1360,300,4350,25780,1360,3530,2340,2240,7520,9720,26710,4330,48750,36050,116080,36340,31310,27650,1800,302320,7500,11390,8670,54620,14240,150,96560,7700,103060,3070,9190,8730,2490,134230,26920,74700,4950,1030,990,3540,7180,119310,11600,11640,23240,1097900
Feb-2023,97140,1240,2790,2580,17640,1880,2640,125910,19110,1840,1270,4860,3580,1460,1760,770,2790,37420,5350,490,2320,220,1130,390,210,2410,12520,1380,1120,1970,2180,5320,8630,20600,2560,32810,30560,72800,20840,22220,22070,1640,205510,8880,7760,6740,42280,7300,200,73170,5790,70540,3710,8150,5500,1830,95520,10500,37090,1960,900,630,1510,3080,55670,5430,7830,13260,639580
Mar-2023,107970,1430,3690,1790,24830,1860,2510,144070,19960,2310,1000,4370,3850,1410,1820,620,3470,38800,4850,660,2060,60,820,340,130,1780,10690,1090,1470,1410,2350,5690,7290,19300,2160,40610,27190,90780,15480,20540,28430,1390,226580,10170,8990,4410,32160,6340,250,62320,3300,45380,3880,5510,5750,2770,66590,8360,38510,2100,1030,350,1470,3730,55560,6080,5750,11830,635730
Apr-2023,109140,2610,4270,3630,28720,2870,4220,155460,32780,4380,1080,6350,4290,1880,1740,740,3380,56620,11490,1310,3970,300,2100,430,170,2000,21760,1080,2110,1200,2550,3830,6710,17480,3100,45860,29410,107120,19980,19460,28620,1770,255330,25350,12210,6890,58410,11380,550,114790,1250,36930,4220,2300,8040,3170,55910,6250,46440,1750,1360,260,1590,3030,60680,7130,5000,12130,750170
May-2023,72990,1080,7180,3510,29910,3080,3150,120890,41040,4950,1440,9130,6160,2380,2020,750,3160,71030,19190,1790,7020,970,4740,950,140,3790,38590,840,2660,3420,3880,4430,8180,23410,2400,41600,24180,107810,15580,19470,25140,1440,237630,25020,9740,4710,34450,10110,370,84390,2260,28830,3000,4160,6600,3610,48460,7450,57290,1670,680,1110,2240,2850,73290,5340,4410,9750,707440
Jun-2023,67340,1400,8600,4880,32200,3880,3420,121720,61260,6560,1460,13980,8690,3240,2670,1270,4870,104010,32740,2250,10820,3120,10800,1630,400,7700,69470,1510,1860,3200,4890,3280,5100,19840,2200,35740,20980,112370,15250,16760,23560,1100,227960,25270,8590,5330,32060,8460,470,80190,1090,19840,1950,1740,5240,1990,31850,11340,49330,1120,760,710,1210,1760,66240,3500,4750,8250,729540
Jul-2023,103740,2770,4870,6520,40650,3250,5800,167600,82510,9610,1900,24890,12310,3970,3660,3330,7910,150100,59160,4420,13560,7760,29110,2250,600,12530,129400,1060,2420,4360,5330,3610,5750,22530,2970,46780,28850,137750,24520,18440,29550,2350,291200,36400,9900,5040,35840,8120,1000,96300,2680,24470,2120,2990,6520,2140,40920,18320,61660,1670,660,790,1870,1700,86680,4970,5890,10860,995580
Aug-2023,96980,1000,6950,4610,32310,3640,5690,151170,71030,10990,1710,14970,9980,3850,3070,2980,6700,125280,38610,5390,8040,8560,32190,3260,950,20120,117100,1710,850,7380,6870,2770,5470,25050,2190,43210,25130,129690,17380,17120,23860,1590,260160,23350,8050,3300,18420,5170,1070,59360,1530,19180,1390,2650,6960,3280,35000,16020,52790,1840,470,860,900,2250,75130,4530,5750,10280,858540
Sep-2023,104030,2320,3870,5330,36100,3270,5570,160500,66990,8690,1760,19130,11370,3170,2840,2020,7530,123510,52920,3860,11860,7770,30440,2940,710,17860,128360,1440,2300,6720,7750,3850,7300,29360,2200,39300,24930,131860,17180,15770,32920,1710,265870,30020,11230,4840,38030,9080,690,93900,1310,24270,1430,1810,6840,3100,38780,17720,63460,1590,800,630,1140,2160,87510,5050,6200,11250,939060
Oct-2023,106300,1770,7770,4940,39430,4110,5890,170210,71380,8240,1960,28520,11930,3750,3370,1130,5480,135760,50880,4680,15480,4840,19870,2070,450,11720,109980,1820,3370,8310,9150,7090,10840,40590,2630,45040,31760,140470,21670,19040,28080,1880,290560,52750,14840,6160,60690,13620,630,148680,1220,34140,3430,3030,7590,3660,53060,12510,77020,2220,1260,1240,1610,2860,98720,6320,7450,13770,1061340
Nov-2023,104160,1670,6360,4080,33090,2280,5860,157510,39280,4410,910,9590,6270,1990,1700,1050,3730,68930,15660,1440,7910,1150,5670,830,290,4910,37850,1860,620,3240,5620,7630,9290,28260,3010,46470,25300,117750,19080,17430,29000,1840,259880,36480,15600,4910,53830,10160,390,121360,1230,37820,6520,3350,7310,3760,60010,6700,59270,1860,1120,1420,2720,2810,75900,6000,5060,11070,820760
Dec-2023,110000,1640,5010,4260,29980,2500,6320,159720,32090,2580,1130,6170,6530,1690,1770,1040,4410,57430,8000,620,3640,640,1470,590,400,3060,18430,1430,570,1470,2870,6790,7360,20500,3580,34700,28300,103570,18490,15610,27320,1290,232860,32050,15030,6090,48310,8070,590,110130,1690,44520,6160,4180,7360,2400,66320,6330,49540,1490,1570,1010,1830,3090,64850,4660,4710,9370,739600
Jan-2024,177090,2730,3960,8940,39530,7070,7010,246330,65770,10170,3740,16000,11420,2770,5280,2330,7880,125350,17580,1270,5550,520,2030,2010,700,5990,35660,2590,630,2340,3220,12130,11950,32860,5840,61910,55330,156130,39670,41360,34210,2680,397140,92590,23040,12990,110890,14730,500,254750,5860,112360,4240,10540,16860,2940,152800,23680,82090,3720,2230,1550,3430,7890,124600,9590,13810,23400,1392890
Feb-2024,105970,1040,6560,4430,18520,2380,2640,141540,22350,2130,1380,4270,4420,1430,2130,760,3190,42050,5800,380,2820,350,780,410,300,2340,13180,2470,680,1830,2100,7110,10850,25040,3190,36220,31740,95610,21690,24270,24720,1570,239010,40670,13680,7360,72210,6600,380,140890,4320,71520,4180,8640,8180,1980,98820,12320,40170,2310,1470,720,1420,4590,63020,5420,6660,12080,775630
Mar-2024,124440,1120,4320,2350,23690,1940,3810,161670,20140,2630,1180,4100,3510,1110,1210,620,3380,37890,5030,780,2650,230,650,390,230,2150,12110,1350,650,760,2770,4560,6200,16280,2700,42580,39560,110190,17040,20670,28870,1810,263420,35130,13270,6580,62590,8110,370,126040,2390,48100,4790,4360,8550,2740,70930,8610,50650,1640,1530,380,1800,3130,67750,5810,5220,11020,767110
Apr-2024,121320,2960,5110,5850,34220,3060,5630,178150,37660,4660,1380,7230,5350,1960,1570,870,3440,64110,13380,1260,6240,570,2160,400,210,3970,28200,1850,740,1760,2460,6230,7340,20380,3950,54630,42730,133160,24460,23690,34990,2060,319680,60330,17060,8010,91560,14010,600,191580,1920,48030,4370,3190,10480,3780,71760,7150,60520,2590,1430,950,1570,2630,76840,7720,5890,13610,964310
May-2024,78060,780,4820,2950,32080,3430,7440,129560,44280,5180,1130,8810,6140,2290,2290,1050,3230,74400,21410,1870,8550,1710,6210,1010,170,3650,44590,1520,1070,2600,4350,4860,7700,22090,2250,41620,29960,127650,17180,20770,22740,2200,264370,41100,10840,5090,59200,11230,580,128050,1460,29060,4280,4650,7130,3080,49650,10870,64210,1750,1060,1450,1410,3200,83950,5960,5300,11250,807920
Jun-2024,77760,0,7640,2780,36240,3720,5610,133750,65090,7290,1900,16650,10260,2600,3290,1740,6290,115100,36300,3450,12810,3650,11000,1960,470,7250,76890,1650,860,2130,4860,4780,7160,21450,2290,42780,24980,147360,18310,18270,23350,1950,279290,39330,11550,3850,51160,10860,340,117080,1780,21530,1970,2980,6860,2200,37310,13530,52910,1880,740,1000,1420,1710,73190,4590,5280,9880,863950
Jul-2024,117770,50,5560,3660,43600,3160,7650,181450,85220,10270,2500,21250,15140,4770,4210,3380,9440,156170,53960,4990,13650,7350,31270,3120,1140,13850,129340,1660,1200,3840,7220,3960,5840,23720,3630,58410,40330,169520,30200,20130,35510,2380,360100,43240,12190,6140,53880,9280,1170,125910,2280,31450,2140,4030,9170,4210,53280,20720,72380,2470,940,1130,1450,2710,101810,6370,8200,14570,1146340
Aug-2024,106450,170,7460,3620,35930,3980,6790,164390,62930,10980,1080,16730,9500,3150,2650,3210,7690,117910,31450,3100,8380,6810,24760,3550,880,19100,98020,1630,450,5150,7220,3350,5300,23090,2640,47060,32400,158730,19310,18180,25020,1410,304770,29390,8240,3280,24910,5920,1000,72740,780,26570,1080,2860,9050,3330,43680,16270,56330,1750,950,980,1250,2370,79900,5390,6980,12370,916890
Sep-2024,108740,90,5180,4570,38980,3790,6990,168350,68300,9760,2170,17370,11220,3130,3530,2690,7330,125490,46020,3970,12980,5920,29370,2640,1020,16850,118760,2090,780,3080,8490,4350,6770,25560,2830,46060,31460,155230,20520,16700,33480,1610,307890,45350,11730,5070,50070,10240,680,123130,550,26500,1810,2270,8030,4860,44030,19530,67100,1290,780,1590,1470,2390,94140,6220,7410,13620,1020960
Oct-2024,112390,80,7190,4780,40050,3140,7220,174830,75210,9080,2070,20720,12650,3510,3910,1320,6980,135450,55480,5240,16710,5090,23450,2550,670,12090,121280,2090,860,3950,10540,6430,10790,34660,2930,54890,41530,169110,21990,22120,31480,2290,346340,65400,17440,6950,86080,15550,550,191970,1160,38500,5160,3760,8730,4500,61810,15610,77320,1850,940,1830,1490,3040,102080,8490,7970,16460,1184900
Nov-2024,115460,1990,5050,4740,33860,2390,5770,169270,38910,3690,820,7280,5050,2050,1490,860,4400,64560,16590,1420,7050,1380,5750,1200,230,5410,39040,1060,1470,770,5840,5500,7230,21870,3510,57120,35540,139070,20730,21730,34030,2250,313980,50460,19420,5660,73590,13580,740,163440,1840,46780,8620,3010,7220,3880,71350,7050,58880,2000,1580,1580,3420,3170,77680,6190,4610,10800,931990
Dec-2024,118130,2890,6470,3110,32010,4120,4720,171450,34630,2780,2060,7530,7360,1640,2140,1080,4240,63460,8380,1010,4730,440,1780,790,140,2920,20190,800,330,440,2560,7920,8480,20520,4030,43850,31630,117160,18840,18250,26620,2310,262700,37510,16850,5560,62570,9320,540,132350,2290,48870,5400,5010,8650,1660,71880,7310,52650,1440,1450,1280,1680,3390,69200,5420,5820,11240,823000
Jan-2025,201380,640,5960,4850,39860,6740,7970,267390,74240,12030,5330,19900,12010,3030,6410,2360,10410,145710,20160,2010,6690,710,2740,1820,1000,6370,41520,3430,800,1330,3600,13660,15510,38330,6760,80480,58980,170750,37000,46560,38080,2140,440750,88480,23330,11910,136020,15300,720,275760,8090,126660,5030,12090,20450,3640,175970,25150,85010,4710,2190,1950,3590,9250,131860,13090,14510,27600,1544890
Feb-2025,111310,360,3140,2280,18400,2340,4530,142340,23420,1880,1140,5690,3970,930,1930,490,4120,43590,6380,740,2330,430,1130,830,300,3160,15290,2350,640,1730,2390,7770,11200,26090,2920,46110,45640,106880,34540,30580,30580,1970,299230,70590,16330,9240,97290,8290,640,202380,5540,83860,5180,9370,10160,1990,116100,10960,40690,2230,1490,1060,1420,5100,62950,5910,9470,15390,923360
Mar-2025,122350,540,6940,2740,20450,2780,5100,160900,22200,2800,1410,4550,3470,1450,1530,840,4150,42370,5110,550,3010,670,1180,330,310,1980,13150,1230,650,960,1460,5120,4680,14110,2760,53890,46150,116660,17940,23360,27280,1500,289530,43290,16670,7630,79650,9290,420,156940,1830,53450,4870,2370,11030,3340,76900,8730,55480,2120,1940,1080,1660,4630,75650,5330,5180,10510,840080
Apr-2025,131360,2770,5620,7050,34420,2830,6460,190520,37460,4340,1400,8550,5480,1550,2170,980,3500,65430,13690,1320,5610,610,2640,570,360,2690,27480,2140,1770,2670,3920,7310,9060,26860,2900,59920,54910,139910,27980,25830,37440,1490,350390,67970,19090,8050,107130,16140,770,219150,2220,44950,5040,5870,13240,3870,75190,7150,56770,2210,1380,1530,2150,3230,74420,8140,6950,15100,1044530
May-2025,83020,450,6360,5230,35830,3700,6620,141210,47880,5780,1100,10690,7960,2200,2410,810,4460,83290,24970,2870,10220,1660,6250,990,200,5290,52440,2900,1620,3540,5180,5060,9600,27910,2290,51610,40090,149080,20270,25540,28640,1850,319370,61380,11470,7310,82920,12470,500,176040,1620,38650,5580,4690,9750,5080,65370,11280,69370,2340,1490,1840,1620,2320,90260,7110,7060,14170,970060
Jun-2025,80960,750,6720,4560,34840,3380,6340,137550,65130,7610,1170,16850,7970,3370,2760,2100,7930,114890,35000,3170,13240,3710,14220,1620,420,6950,78320,920,1560,3010,5950,4890,8280,24610,2050,44130,31840,149260,19310,20100,24260,1660,292610,49890,11630,5600,56530,10650,710,135010,1710,24310,2790,2790,7820,3910,43330,14560,54240,1750,380,1810,1190,2370,76310,5190,6260,11450,914080
Jul-2025,125790,1020,5780,8400,43310,4800,8400,197500,87690,11560,2080,28860,12700,4060,5410,4180,11000,167550,50690,5160,17410,7720,33740,2570,1300,13200,131780,1460,1060,5150,6880,4390,6570,25510,3110,60650,48570,176330,31360,21070,36140,2320,379530,50810,11280,5210,56440,8830,1480,134040,1760,30000,1720,2940,11900,4540,52870,21140,70570,2410,820,1450,1400,3140,100930,6880,8570,15450,1205170